z_m_nap,depth_m,qc_mpa,qc_kPa,qt_kPa,sigma_v0_kPa,sigma_v0_eff_kPa,fs_kPa,Qt,Dr
-18.46,17.14,5.306,5306.0,5353.88,301.6700000000001,131.07000000000002,32.0,38.54589150835431,0.3318600888858105
-18.48,17.16,6.029,6029.0,6080.24,302.0844298093588,131.28442980935876,37.0,44.01249697760228,0.3546124523540847
-18.5,17.18,6.665,6665.0,6720.0199999999995,302.4988596187176,131.49885961871752,41.0,48.802865355554864,0.37341231656003016
-18.52,17.2,7.301,7301.0,7358.96,302.9132894280763,131.71328942807625,41.0,53.57125876371776,0.39122977816739346
-18.54,17.22,7.968,7968.0,8028.4800000000005,303.327719237435,131.927719237435,41.0,58.555945069127844,0.4090265274985329
-18.56,17.24,8.587,8587.0,8649.58,303.74214904679377,132.14214904679375,45.0,63.158030281449456,0.424795851074202
-18.58,17.26,9.165,9165.0,9228.84,304.1565788561525,132.3565788561525,52.0,67.42908813655083,0.438924295901927
-18.6,17.28,9.684,9684.0,9748.679999999998,304.57100866551133,132.5710086655113,56.0,71.23811673759556,0.4511512788335307
-18.62,17.3,10.21,10210.0,10275.52,304.9854384748701,132.78543847487003,59.0,75.08755987134897,0.46318018669488803
-18.64,17.32,10.742,10742.0,10807.52,305.39986828422883,132.9998682842288,62.0,78.96338746194924,0.4749838717922032
-18.66,17.34,11.3,11300.0,11365.52,305.8142980935876,133.21429809358753,67.0,83.02191176307964,0.48703743406459793
-18.68,17.36,11.98,11980.0,12045.1,306.22872790294633,133.4287279029463,73.0,87.97858944316476,0.5013655337266835
-18.7,17.38,12.583,12583.0,12648.099999999999,306.6431577123051,133.64315771230503,79.0,92.34634270506591,0.5136600952410508
-18.72,17.4,13.178,13178.0,13243.1,307.05758752166383,133.8575875216638,86.0,96.64033733152961,0.5254666968692269
-18.74,17.42,13.783,13783.0,13848.52,307.4720173310225,134.07201733102252,93.0,100.99831607095356,0.5371839697399594
-18.76,17.44,14.324,14324.0,14389.519999999999,307.8864471403814,134.2864471403813,101.0,104.86265630468918,0.547364220096609
-18.78,17.46,14.817,14817.0,14882.52,308.3008769497401,134.50087694974005,107.0,108.35779999037716,0.5564114612930079
-18.8,17.48,15.241,15241.0,15306.94,308.71530675909884,134.7153067590988,111.0,111.33274350227396,0.5639978305486998
-18.82,17.5,15.537,15537.0,15602.94,309.1297365684576,134.92973656845754,114.0,113.34647685813958,0.5690756335826914
-18.84,17.52,15.751,15751.0,15816.94,309.54416637781634,135.1441663778163,116.0,114.74706048553271,0.5725807753010742
-18.86,17.54,15.967,15967.0,16032.94,309.9585961871751,135.35859618717504,116.0,116.15798217994926,0.5760902265145359
-18.88,17.56,16.238,16238.0,16304.359999999999,310.37302599653384,135.5730259965338,114.0,117.97322407196535,0.580574159338262
-18.9,17.58,16.575,16575.0,16641.36,310.7874558058926,135.78745580589253,114.0,120.2656935228139,0.5861879111752815
-18.92,17.6,16.997,16997.0,17063.36,311.2018856152514,136.00188561525133,114.0,123.1759253822151,0.5932379079069016
-18.94,17.62,17.531,17531.0,17597.359999999997,311.61631542461015,136.2163154246101,113.0,126.89921637281628,0.6021371850638506
-18.96,17.64,18.106,18106.0,18172.36,312.0307452339689,136.43074523396882,112.0,130.91132225464915,0.6115818418650096
-18.98,17.66,18.806,18806.0,18872.36,312.4451750433276,136.64517504332758,112.0,135.8256141797299,0.622955201736575
-19.0,17.68,19.738,19738.0,19804.36,312.85960485268635,136.85960485268632,115.0,142.4196746448865,0.6378976063039014
-19.02,17.7,20.877,20877.0,20943.359999999997,313.2740346620451,137.07403466204508,120.0,150.50323729217763,0.6557509049984009
-19.04,17.72,21.959,21959.0,22025.36,313.68846447140385,137.2884644714038,124.0,158.14636443873243,0.6721954742031782
-19.06,17.74,22.821,22821.0,22887.36,314.1028942807626,137.50289428076258,129.0,164.16568701185048,0.6848684691485355
-19.08,17.76,23.461,23461.0,23527.36,314.51732409012135,137.7173240901213,136.0,168.55426744074367,0.6939622621290495
-19.1,17.78,23.952,23952.0,24018.780000000002,314.93175389948016,137.9317538994801,143.0,171.8520034434933,0.700718006136753
-19.12,17.8,24.498,24498.0,24564.780000000002,315.3461837088389,138.14618370883883,147.0,175.53459071587542,0.7081859939629973
-19.14,17.82,24.956,24956.0,25022.780000000002,315.76061351819766,138.3606135181976,154.0,178.56974436754913,0.714282345870013
-19.16,17.84,25.316,25316.0,25381.94,316.1750433275564,138.57504332755633,160.0,180.88224513430833,0.7188924917325625
-19.18,17.86,25.596,25596.0,25661.940000000002,316.5894731369151,138.7894731369151,167.0,182.61724001113564,0.7223320170731455
-19.2,17.88,25.664,25664.0,25730.36,317.00390294627385,139.00390294627383,172.0,182.82476648786042,0.7227423300731742
-19.22,17.9,25.523,25523.0,25589.780000000002,317.4183327556326,139.2183327556326,174.0,181.53041461575674,0.7201793717356744
-19.24,17.92,25.257,25257.0,25323.780000000002,317.83276256499136,139.43276256499132,174.0,179.34054218985608,0.7158222887797463
-19.26,17.94,24.884,24884.0,24951.2,318.24719237435016,139.6471923743501,174.0,176.39418586800133,0.7099178742603186
-19.28,17.96,24.437,24437.0,24504.2,318.6616221837089,139.86162218370887,173.0,172.92476663861711,0.7029016729419701
-19.3,17.98,24.089,24089.0,24156.199999999997,319.07605199306767,140.0760519930676,171.0,170.1727283774862,0.6972860212023803
-19.32,18.0,23.89,23890.0,23957.62,319.4904818024264,140.29048180242637,171.0,168.49417875324986,0.6938385542004708
-19.34,18.02,23.761,23761.0,23828.2,319.90491161178517,140.5049116117851,171.0,167.3129773095876,0.6914022548613745
-19.36,18.04,23.566,23566.0,23633.199999999997,320.3193414211439,140.71934142114387,170.0,165.66934170625646,0.6879978025427043
-19.38,18.06,23.416,23416.0,23483.62,320.7337712305026,140.9337712305026,166.0,164.35298670100659,0.6852590473703182
-19.4,18.08,23.242,23242.0,23309.62,321.14820103986136,141.14820103986136,146.0,162.86762161756502,0.6821554527851196
-19.42,18.1,22.938,22938.0,23005.62,321.56263084922017,141.36263084922012,126.0,160.46714207905478,0.6771097021881309
-19.44,18.12,22.648,22648.0,22716.04,321.9770606585789,141.5770606585789,108.0,158.17578663640978,0.6722580002954006
-19.46,18.14,22.512,22512.0,22580.04,322.3914904679377,141.79149046793762,113.0,156.97450133345654,0.6697003622803613
-19.48,18.16,22.474,22474.0,22541.2,322.8059202772964,142.00592027729638,117.0,156.46104075334762,0.6686041766318579
-19.5,18.18,22.431,22431.0,22497.36,323.2203500866552,142.22035008665512,119.0,155.91397177972493,0.6674342595336368
-19.52,18.2,22.388,22388.0,22453.940000000002,323.6347798960139,142.43477989601388,123.0,155.3714987046034,0.6662721423918595
-19.54,18.22,22.68,22680.0,22746.780000000002,324.0492097053727,142.6492097053726,127.0,157.18790757135278,0.670155435213893
-19.56,18.24,22.905,22905.0,22972.2,324.4636395147314,142.86363951473137,134.0,158.5269452564237,0.6730038107648928
-19.58,18.26,22.849,22849.0,22916.2,324.8780693240901,143.0780693240901,143.0,157.8950711132653,0.6716612052287443
-19.6,18.28,22.585,22585.0,22652.62,325.292499133449,143.2924991334489,148.0,155.81644284166626,0.6672254766497417
-19.62,18.3,22.298,22298.0,22365.62,325.7069289428077,143.50692894280766,150.0,153.58082869880687,0.662421593632693
-19.64,18.32,22.049,22049.0,22116.620000000003,326.12135875216643,143.7213587521664,150.0,151.61628605824308,0.6581712457543534
-19.66,18.34,21.925,21925.0,21993.04,326.5357885615252,143.93578856152516,147.0,150.5289575856748,0.6558069349732975
-19.68,18.36,21.79,21790.0,21858.039999999997,326.95021837088393,144.1502183708839,144.0,149.365641099702,0.6532679194408502
-19.7,18.38,21.717,21717.0,21785.039999999997,327.3646481802427,144.36464818024265,143.0,148.6352484649105,0.6516687336915687
-19.72,18.4,21.711,21711.0,21779.46,327.77907798960143,144.5790779896014,141.0,148.37334156711992,0.6510943349845044
-19.74,18.42,21.791,21791.0,21859.46,328.1935077989602,144.79350779896015,137.0,148.70325900313375,0.6518178075924804
-19.76,18.44,21.792,21792.0,21860.88,328.607937608319,145.0079376083189,135.0,148.49029934176792,0.6513509024476261
-19.78,18.46,21.79,21790.0,21858.879999999997,329.02236741767774,145.22236741767767,137.0,148.25441848540976,0.6508333525684256
-19.8,18.48,21.919,21919.0,21987.88,329.4367972270365,145.4367972270364,139.0,148.91996809420047,0.6522925901206352
-19.82,18.5,22.095,22095.0,22164.3,329.8512270363952,145.65122703639517,138.0,149.9091303055596,0.6544553467372907
-19.84,18.52,22.153,22153.0,22222.3,330.26565684575394,145.8656568457539,139.0,150.08354136645096,0.6548359475394275
-19.86,18.54,22.102,22102.0,22171.3,330.6800866551127,146.08008665511267,140.0,149.51127435260517,0.6535863137940328
-19.88,18.56,22.058,22058.0,22127.72,331.09451646447144,146.2945164644714,141.0,148.99140453312197,0.6524490227117298
-19.9,18.58,22.0,22000.0,22069.72,331.5089462738302,146.50894627383016,142.0,148.3746324480194,0.651097167310729
-19.92,18.6,21.732,21732.0,21801.72,331.923376083189,146.72337608318895,141.0,146.32839835789974,0.6465919409994435
-19.94,18.62,21.307,21307.0,21376.719999999998,332.33780589254775,146.9378058925477,140.0,143.21965723033003,0.6396866581835874
-19.96,18.64,20.931,20931.0,21001.14,332.7522357019065,147.15223570190642,141.0,140.4558188716009,0.6334842852298276
-19.98,18.66,20.559,20559.0,20628.72,333.16666551126525,147.36666551126518,140.0,137.7214668193553,0.6272877371654558
-20.0,18.68,20.301,20301.0,20370.719999999998,333.58109532062394,147.58109532062394,138.0,135.77036314270566,0.6228284862342709
-20.02,18.7,20.014,20014.0,20084.140000000003,333.9955251299827,147.79552512998268,135.0,133.63154572846662,0.6179032419133659
-20.04,18.72,19.739,19739.0,19808.72,334.40995493934145,148.0099549393414,133.0,131.57432588261898,0.6131285716543565
-20.06,18.74,19.41,19410.0,19480.14,334.8243847487002,148.22438474870017,131.0,129.1644127766851,0.6074875960560491
-20.08,18.76,19.079,19079.0,19149.56,335.23881455805895,148.43881455805894,126.0,126.74798866763443,0.6017782901359565
-20.1,18.78,18.762,18762.0,18832.14,335.65324436741776,148.6532443674177,120.0,124.4270640330989,0.5962431527803279
-20.12,18.8,18.433,18433.0,18503.56,336.0676741767765,148.86767417677646,117.0,122.0378596380152,0.5904909812738529
-20.14,18.82,18.118,18118.0,18188.559999999998,336.48210398613526,149.0821039861352,115.0,119.74661893471887,0.584921530597344
-20.16,18.84,17.86,17860.0,17930.56,336.896533795494,149.29653379549396,112.0,117.84375041355123,0.5802554866203365
-20.18,18.86,17.585,17585.0,17655.14,337.31096360485276,149.5109636048527,109.0,115.82982691600456,0.5752759013005463
-20.2,18.88,17.368,17368.0,17438.559999999998,337.72539341421145,149.72539341421145,107.0,114.21465802582176,0.5712509031585777
-20.22,18.9,17.09,17090.0,17160.98,338.1398232235702,149.9398232235702,105.0,112.19727898233188,0.5661834104203636
-20.24,18.92,16.952,16952.0,17023.4,338.55425303292895,150.15425303292895,103.0,111.1180363523108,0.5634537282366185
-20.26,18.94,16.812,16812.0,16882.98,338.96868284228776,150.36868284228774,102.0,110.02298486919436,0.5606704783922151
-20.28,18.96,16.715,16715.0,16786.4,339.3831126516465,150.58311265164647,102.0,109.2221869884991,0.5586263432704474
-20.3,18.98,16.63,16630.0,16701.399999999998,339.79754246100526,150.7975424610052,101.0,108.50045823372716,0.5567776120132889
-20.32,19.0,16.52,16520.0,16590.98,340.211972270364,151.01197227036397,102.0,107.61244809540734,0.5544944881740932
-20.34,19.02,16.401,16401.0,16471.98,340.62640207972277,151.22640207972273,104.0,106.67022012079767,0.5520616428334733
-20.36,19.04,16.273,16273.0,16344.4,341.0408318890815,151.44083188908147,104.0,105.67400461608744,0.5494776860569822
-20.38,19.06,16.132,16132.000000000002,16203.400000000001,341.45526169844027,151.6552616984402,101.0,104.59211609711464,0.5466576784609611
-20.4,19.08,15.938,15938.0,16011.08,341.86969150779896,151.86969150779896,92.0,103.17536140966969,0.5429426736634085
-20.42,19.1,15.682,15682.0,15753.82,342.2841213171578,152.08412131715775,83.0,101.33560127913334,0.538080188604777
-20.44,19.12,15.492,15492.0,15563.820000000002,342.6985511265166,152.2985511265165,78.0,99.94265432130796,0.5343691990730965
-20.46,19.14,15.362,15362.0,15434.240000000002,343.11298093587527,152.51298093587525,83.0,98.94978726702126,0.5317082639058519
-20.48,19.16,15.117,15117.0,15188.820000000002,343.527410745234,152.72741074523398,85.0,97.20123268519454,0.5269893809859781
-20.5,19.18,14.853,14853.0,14924.4,343.9418405545928,152.94184055459274,86.0,95.3333509429089,0.5219013342520072
-20.52,19.2,14.59,14590.0,14660.56,344.3562703639515,153.15627036395148,87.0,93.47448652030943,0.5167881204967838
-20.54,19.22,14.409,14409.0,14479.14,344.7707001733103,153.37070017331024,86.0,92.15821068727422,0.5131366030524543
-20.56,19.24,14.254,14254.0,14325.82,345.185129982669,153.58512998266897,90.0,91.02857074506464,0.5099819905645538
-20.58,19.26,14.149,14149.0,14220.82,345.5995597920278,153.79955979202774,91.0,90.21625587856332,0.5077014192235526
-20.6,19.28,14.024,14024.0,14096.24,346.0139896013866,154.01398960138653,87.0,89.27907163489793,0.5050574836728925
-20.62,19.3,13.892,13892.0,13964.24,346.42841941074533,154.22841941074526,87.0,88.29638294043546,0.5022702259041597
-20.64,19.32,13.755,13755.0,13827.240000000002,346.8428492201041,154.442849220104,86.0,87.28404855810663,0.49938261471571543
-20.66,19.34,13.682,13682.0,13753.82,347.2572790294628,154.65727902946276,84.0,86.68562388464457,0.4976677718106573
-20.68,19.36,13.627,13627.0,13699.660000000002,347.67170883882153,154.87170883882152,83.0,86.21321732206684,0.4963098609367419
-20.7,19.38,13.523,13523.0,13595.24,348.0861386481803,155.08613864818025,81.0,85.41803914148363,0.4940157289036848
-20.72,19.4,13.462,13462.0,13533.4,348.50056845753903,155.300568457539,79.0,84.89923483536616,0.4925131900637387
-20.74,19.42,13.431,13431.0,13504.079999999998,348.9149982668978,155.51499826689775,78.0,84.5909728858175,0.4916182400597831
-20.76,19.44,13.365,13365.0,13438.08,349.3294280762566,155.72942807625654,78.0,84.04802312325023,0.490037966818462
-20.78,19.46,13.345,13345.0,13418.08,349.74385788561534,155.94385788561527,75.0,83.80154447442234,0.4893188982786535
-20.8,19.48,13.3,13300.0,13373.5,350.1582876949741,156.15828769497404,77.0,83.39833834335892,0.4881403145564922
-20.82,19.5,13.325,13325.0,13398.079999999998,350.57271750433284,156.37271750433277,77.0,83.43851466374974,0.48825787877119003
-20.84,19.52,13.364,13364.0,13437.92,350.9871473136916,156.58714731369153,80.0,83.57603466949439,0.48866007662205196
-20.86,19.54,13.455,13455.0,13528.92,351.4015771230503,156.80157712305027,82.0,84.03945078011475,0.4900129758635108
-20.88,19.56,13.616,13616.0,13689.92,351.81600693240904,157.01600693240903,82.0,84.94741557661231,0.49265292209370254
-20.9,19.58,13.928,13928.0,14001.92,352.2304367417678,157.23043674176776,85.0,86.81327767139781,0.4980340713284521
-20.92,19.6,14.24,14240.0,14313.92,352.6448665511266,157.44486655112655,86.0,88.67405739719862,0.5033432722370309
-20.94,19.62,14.68,14680.0,14754.339999999998,353.05929636048535,157.6592963604853,89.0,91.34431673925037,0.5108656987038217
-20.96,19.64,15.251,15251.0,15325.34,353.4737261698441,157.87372616984405,91.0,94.83443912461463,0.5205338993341757
-20.98,19.66,15.84,15840.0,15914.34,353.88815597920285,158.08815597920278,91.0,98.42895407084036,0.5303070648780231
-21.0,19.68,16.405,16405.0,16479.760000000002,354.3025857885616,158.30258578856154,93.0,101.86477582715908,0.5394832867188991
-21.02,19.7,16.963,16963.0,17037.760000000002,354.71701559792035,158.51701559792028,97.0,105.24449328972202,0.5483598747687038
-21.04,19.72,17.668,17668.0,17742.760000000002,355.1314454072791,158.73144540727904,103.0,109.54117194598021,0.5594414866529965
-21.06,19.74,18.33,18330.0,18405.18,355.5458752166378,158.94587521663777,106.0,113.55836759011412,0.5696073022959743
-21.08,19.76,19.044,19044.0,19118.34,355.96030502599655,159.16030502599654,107.0,117.88353692781274,0.5803534315467054
-21.1,19.78,19.752,19752.0,19826.339999999997,356.37473483535535,159.37473483535533,112.0,122.16469119323341,0.5907977444420466
-21.12,19.8,20.473,20473.0,20547.34,356.7891646447141,159.58916464471406,117.0,126.5157999937187,0.6012268409408945
-21.14,19.82,20.976,20976.0,21050.760000000002,357.20359445407286,159.80359445407282,119.0,129.49368552215645,0.6082614229381416
-21.16,19.84,21.209,21209.0,21284.18,357.6180242634316,160.01802426343156,121.0,130.77628018507446,0.6112663206937696
-21.18,19.86,21.329,21329.0,21403.34,358.03245407279036,160.23245407279032,123.0,131.34235300650616,0.612587843278721
-21.2,19.88,21.573,21573.0,21645.24,358.4468838821491,160.44688388214905,127.0,132.67190113678595,0.6156805784467554
-21.22,19.9,21.816,21816.0,21889.5,358.8613136915078,160.66131369150781,128.0,134.01258953758045,0.618783575221996
-21.24,19.92,22.086,22086.0,22159.92,359.27574350086655,160.87574350086655,128.0,135.51231392681458,0.6222363214976274
-21.26,19.94,22.304,22304.0,22378.76,359.6901733102254,161.09017331022534,134.0,136.687852363817,0.6249293728410252
-21.28,19.96,22.586,22586.0,22661.18,360.1046031195841,161.30460311958407,142.0,138.2544265047873,0.6285003159557958
-21.3,19.98,22.771,22771.0,22846.18,360.51903292894286,161.51903292894283,145.0,139.21369240096422,0.6306769433393754
-21.32,20.0,22.872,22872.0,22947.600000000002,360.9334627383016,161.73346273830157,144.0,139.65363849167588,0.6316726966479574
-21.34,20.02,22.642,22642.0,22717.600000000002,361.34789254766036,161.94789254766033,142.0,138.04595883131375,0.6280262934243478
-21.36,20.04,21.977,21977.0,22052.600000000002,361.7623223570191,162.16232235701906,141.0,133.76003354150356,0.618200230026078
-21.38,20.06,21.344,21344.0,21419.600000000002,362.17675216637787,162.37675216637783,141.0,129.68250052358067,0.6087047150034024
-21.4,20.08,21.008,21008.0,21083.600000000002,362.5911819757366,162.59118197573656,121.0,127.44238996378327,0.603424489213222
-21.42,20.1,21.242,21242.0,21317.6,363.0056117850954,162.80561178509535,101.0,128.70928807954806,0.6064163776518763
-21.44,20.12,21.849,21849.0,21927.96,363.4200415944542,163.0200415944541,104.0,132.28152653801777,0.6147741200473966
-21.46,20.14,21.822,21822.0,21894.24,363.8344714038129,163.23447140381285,107.0,131.89864459041755,0.6138837595655515
-21.48,20.16,22.454,22454.0,22525.82,364.2489012131716,163.4489012131716,110.0,135.58715252471168,0.6224081171998957
-21.5,20.18,23.12,23120.0,23191.4,364.6633310225304,163.66333102253034,115.0,139.4737387193658,0.6312657097776222
-21.52,20.2,24.256,24256.0,24330.34,365.0777608318891,163.87776083188908,104.0,146.23864835297832,0.6463936181460473
-21.54,20.22,25.343,25343.0,25418.600000000002,365.4921906412479,164.09219064124784,106.0,152.67702692891683,0.6604695882020325
-21.56,20.24,26.086,26086.0,26162.44,365.9066204506066,164.3066204506066,113.0,157.00239776585434,0.669759866915757
-21.58,20.26,26.703,26703.0,26780.280000000002,366.3210502599654,164.52105025996534,117.0,160.55063414683067,0.6772858315086573
-21.6,20.28,27.381,27381.0,27457.86,366.7354800693242,164.73548006932413,123.0,164.45227529934758,0.6854660047824557
-21.62,20.3,28.339,28339.0,28415.859999999997,367.14990987868293,164.94990987868286,126.0,170.04380366591616,0.6970218354151286
-21.64,20.32,29.502,29502.0,29580.120000000003,367.5643396880417,165.16433968804162,131.0,176.86963006353506,0.7108739692670767
-21.66,20.34,30.586,30586.0,30662.859999999997,367.97876949740044,165.37876949740036,135.0,183.18482670158465,0.7234536744998844
-21.68,20.36,31.67,31670.0,31746.440000000002,368.39319930675913,165.59319930675912,143.0,189.48874067325582,0.7357964405483273
-21.7,20.38,32.862,32862.0,32938.86000000001,368.8076291161179,165.80762911611785,155.0,196.43277299426637,0.749157189292963
-21.72,20.4,33.997,33997.0,34073.86,369.22205892547663,166.0220589254766,163.0,203.01301019404738,0.7616017147978282
-21.74,20.42,34.824,34824.0,34900.02,369.6364887348354,166.23648873483535,171.0,207.7184363918126,0.7703773405505578
-21.76,20.44,35.44,35440.0,35516.44,370.0509185441942,166.45091854419414,180.0,211.15166794423033,0.7767177607346558
-21.78,20.46,35.76,35760.0,35836.02,370.46534835355294,166.66534835355287,188.0,212.7950110926007,0.7797344073329451
-21.8,20.48,35.707,35707.0,35781.34,370.8797781629117,166.87977816291163,199.0,212.19143872104522,0.7786278016412596
-21.82,20.5,35.315,35315.0,35390.18,371.29420797227044,167.0942079722704,209.0,209.5757011388401,0.7738137486110873
-21.84,20.52,34.955,34955.0,35029.34,371.7086377816292,167.30863778162913,211.0,207.14789040033565,0.7693186046297921
-21.86,20.54,34.474,34474.0,34547.5,372.12306759098794,167.52306759098786,213.0,204.00400627720788,0.7634583088574327
-21.88,20.56,34.166,34166.0,34240.340000000004,372.53749740034664,167.73749740034663,214.0,201.90954931064607,0.7595290821303987
-21.9,20.58,34.211,34211.0,34286.18,372.9519272097054,167.9519272097054,216.0,201.92223236858794,0.7595529368715858
-21.92,20.6,34.63,34630.0,34705.18000000001,373.36635701906425,168.16635701906415,216.0,204.1538762660413,0.7637386917863639
-21.94,20.62,35.174,35174.0,35249.18,373.78078682842295,168.3807868284229,218.0,207.1222012325492,0.7692709001433002
-21.96,20.64,35.313,35313.0,35389.020000000004,374.1952166377817,168.59521663778165,218.0,207.6857545643766,0.7703167336777341
-21.98,20.66,35.098,35098.0,35174.439999999995,374.60964644714045,168.8096464471404,217.0,206.14835162544915,0.7674602858509527
-22.0,20.68,34.712,34712.0,34788.86000000001,375.0240762564992,169.02407625649914,217.0,203.60315930092392,0.7627078813597995
-22.02,20.7,34.45,34450.0,34526.86000000001,375.43850606585795,169.2385060658579,217.0,201.79462870373231,0.7593129012539321
-22.04,20.72,34.329,34329.0,34405.86,375.8529358752167,169.45293587521664,214.0,200.82276467127204,0.7574822292517533
-22.06,20.74,34.316,34316.0,34393.280000000006,376.26736568457545,169.6673656845754,210.0,200.4923722193911,0.7568588700664479
-22.08,20.76,34.43,34430.0,34507.28,376.68179549393415,169.88179549393413,208.0,200.9079201527791,0.7576428109656557
-22.1,20.78,34.588,34588.0,34665.700000000004,377.09622530329295,170.09622530329293,207.0,201.5835666756146,0.758915705229911
-22.12,20.8,34.806,34806.0,34884.12,377.51065511265176,170.31065511265166,209.0,202.60980924571643,0.7608450363073124
-22.14,20.82,35.198,35198.0,35275.7,377.92508492201046,170.52508492201042,213.0,204.64892265579851,0.7646641142279372
-22.16,20.84,35.654,35654.0,35732.12,378.3395147313692,170.73951473136918,216.0,207.06267404409604,0.7691603474737817
-22.18,20.86,35.88,35880.0,35958.54,378.75394454072796,170.95394454072792,218.0,208.1249786370549,0.7711308553714286
-22.2,20.88,35.444,35444.0,35522.54,379.1683743500867,171.16837435008665,222.0,205.31463104143296,0.7659068034343025
-22.22,20.9,34.374,34374.0,34452.96000000001,379.58280415944546,171.3828041594454,227.0,198.81444560879348,0.753685128663145
-22.24,20.92,32.878,32878.0,32956.96,379.99723396880415,171.59723396880418,228.0,189.8455004930533,0.7364887749955447
-22.26,20.94,31.098,31098.0,31176.54,380.411663778163,171.81166377816294,225.0,179.24352549187054,0.7156286457012475
-22.28,20.96,29.389,29389.0,29468.38,380.82609358752177,172.0260935875217,216.0,169.08803368027193,0.6950601899533017
-22.3,20.98,28.226,28226.0,28304.960000000003,381.24052339688046,172.24052339688043,205.0,162.12049827705567,0.6805890269823123
-22.32,21.0,27.86,27860.0,27938.960000000003,381.65495320623927,172.4549532062392,193.0,159.79422182114962,0.6756884781384087
-22.34,21.02,28.428,28428.0,28507.38,382.06938301559796,172.66938301559793,184.0,162.88533685467405,0.6821925510643165
-22.36,21.04,29.987,29987.0,30066.379999999997,382.4838128249567,172.8838128249567,178.0,171.69852805843493,0.7004050421178447
-22.38,21.06,31.724,31724.0,31803.8,382.89824263431547,173.09824263431543,171.0,181.52062828127595,0.7201599589799
-22.4,21.08,32.953,32953.0,33033.22,383.3126724436742,173.3126724436742,156.0,188.38730525124984,0.7336548531666642
-22.42,21.1,33.896,33896.0,33975.380000000005,383.727102253033,173.52710225303298,140.0,193.58159308604397,0.7437003872260157
-22.44,21.12,34.273,34273.0,34354.48,384.1415320623918,173.7415320623917,149.0,195.52226842191448,0.7474189271312583
-22.46,21.14,34.524,34524.0,34602.96000000001,384.5559618717505,173.95596187175045,160.0,196.70727964676414,0.7496804645919184
-22.48,21.16,34.225,34225.0,34302.700000000004,384.9703916811093,174.1703916811092,170.0,194.73878011607906,0.7459199116643614
-22.5,21.18,33.927,33927.0,34003.439999999995,385.38482149046797,174.38482149046797,179.0,192.78085610419438,0.7421606605122532
-22.52,21.2,33.87,33870.0,33947.28,385.7992512998267,174.5992512998267,187.0,192.22007253093807,0.7410804323629464
-22.54,21.22,34.117,34117.0,34195.12,386.2136811091855,174.81368110918544,193.0,193.39965902196403,0.7433508285785848
-22.56,21.24,34.118,34118.0,34196.96000000001,386.6281109185442,175.0281109185442,210.0,193.17086673475183,0.7429110055042198
-22.58,21.26,33.858,33858.0,33936.96,387.042540727903,175.24254072790296,218.0,191.44847660799817,0.7395915409544808
-22.6,21.28,33.489,33489.0,33567.96,387.4569705372618,175.45697053726172,221.0,189.10906148591118,0.7350589120917184
-22.62,21.3,33.149,33149.0,33228.8,387.87140034662053,175.6714003466205,218.0,186.94522008052726,0.7308414330277656
-22.64,21.32,33.012,33012.0,33091.799999999996,388.2858301559793,175.88583015597922,214.0,185.936036694041,0.7288661187940014
-22.66,21.34,32.939,32939.0,33019.219999999994,388.70025996533803,176.10025996533798,213.0,185.29512532495613,0.7276088535645983
-22.68,21.36,32.972,32972.0,33052.22,389.1146897746968,176.31468977469672,213.0,185.2545885539303,0.7275292601949428
-22.7,21.38,33.023,33023.0,33103.64000000001,389.5291195840555,176.52911958405548,211.0,185.31849565385113,0.7276547369143284
-22.72,21.4,33.212,33212.0,33293.060000000005,389.94354939341423,176.7435493934142,208.0,186.16303997249372,0.7293109075842831
-22.74,21.42,33.276,33276.0,33356.64000000001,390.357979202773,176.95797920277298,206.0,186.29440825056983,0.7295681858872212
-22.76,21.44,33.288,33288.0,33369.06,390.7724090121318,177.17240901213177,208.0,186.13670026200128,0.7292593116345638
-22.78,21.46,33.292,33292.0,33373.48,391.18683882149054,177.3868388214905,208.0,185.93427438193171,0.7288626646689871
-22.8,21.48,33.515,33515.0,33596.060000000005,391.6012686308493,177.60126863084923,209.0,186.96070691018457,0.730871704415223
-22.82,21.5,33.76,33760.0,33841.479999999996,392.01569844020804,177.815698440208,211.0,188.11311146865611,0.7331207491045311
-22.84,21.52,33.887,33887.0,33968.479999999996,392.4301282495668,178.03012824956676,214.0,188.59757166878376,0.7340641693802754
-22.86,21.54,33.833,33833.0,33914.479999999996,392.84455805892554,178.2445580589255,216.0,188.06540747717654,0.7330277864099531
-22.88,21.56,33.395,33395.0,33476.48,393.2589878682843,178.45898786828423,218.0,185.38276725266172,0.7277809074806231
-22.9,21.58,32.632,32631.999999999996,32713.479999999996,393.673417677643,178.673417677643,219.0,180.88760489617286,0.7189031424849801
-22.92,21.6,31.814,31814.0,31895.9,394.0878474870018,178.88784748700178,219.0,176.09811172221725,0.7093218325016353
-22.94,21.62,30.954,30954.0,31035.9,394.5022772963606,179.1022772963605,215.0,171.0832390589949,0.6991489501202667
-22.96,21.64,30.145,30145.0,30226.9,394.9167071057193,179.31670710571927,210.0,166.36477311233648,0.689440297036737
-22.98,21.66,29.391,29391.0,29472.899999999998,395.33113691507805,179.531136915078,204.0,161.9639320662199,0.680260311658538
-23.0,21.68,28.763,28763.0,28844.9,395.7455667244368,179.74556672443677,198.0,158.27458196446213,0.672467911001733
-23.02,21.7,28.016,28016.0,28098.32,396.15999653379555,179.9599965337955,194.0,153.93509967235352,0.6631851705914711
-23.04,21.72,27.025,27025.0,27107.739999999998,396.5744263431543,180.17442634315427,191.0,148.25170317336622,0.6508273924636596
-23.06,21.74,25.863,25863.0,25945.74,396.98885615251305,180.388856152513,185.0,141.63153804937284,0.6361301260622094
-23.08,21.76,24.469,24469.0,24551.739999999998,397.4032859618718,180.60328596187173,178.0,133.74250964147737,0.6181597334981523
-23.1,21.78,23.0,23000.0,23082.74,397.8177157712306,180.81771577123055,170.0,125.4574098974328,0.5987067250032304
-23.12,21.8,21.732,21732.0,21814.74,398.2321455805893,181.0321455805893,163.0,118.30223734980547,0.5813831717791766
-23.14,21.82,20.746,20746.0,20828.74,398.6465753899481,181.24657538994802,155.0,112.7198866000925,0.567500501195732
-23.16,21.84,19.877,19877.0,19959.74,399.0610051993068,181.46100519930678,146.0,107.79549564004851,0.5549658821946972
-23.18,21.86,19.022,19022.0,19105.16,399.47543500866556,181.67543500866554,139.0,102.96210142058618,0.5423812613192368
-23.2,21.88,18.169,18169.0,18251.74,399.8898648180243,181.88986481802428,137.0,98.14648085555648,0.5295455756874581
-23.22,21.9,17.39,17390.0,17472.74,400.30429462738306,182.104294627383,133.0,93.75086809625103,0.5175515656745189
-23.24,21.92,16.718,16718.0,16800.32,400.7187244367418,182.31872443674177,127.0,89.9501755852474,0.5069521690180795
-23.26,21.94,16.124,16123.999999999998,16206.74,401.1331542461006,182.53315424610057,119.0,86.59033429315514,0.49739416474592907
-23.28,21.96,15.334,15334.0,15416.740000000002,401.54758405545937,182.7475840554593,111.0,82.16356179782825,0.4845131925015878
-23.3,21.98,14.412,14412.0,14494.74,401.9620138648181,182.96201386481806,104.0,77.0257043440048,0.4691198578006167
-23.32,22.0,13.8,13800.0,13882.74,402.3764436741768,183.1764436741768,102.0,73.59223318203448,0.458545006926519
-23.34,22.02,13.484,13484.0,13566.74,402.7908734835356,183.39087348353553,98.0,71.78083007330405,0.4528665210895213
-23.36,22.04,13.406,13406.0,13488.74,403.2053032928943,183.6053032928943,95.0,71.26991683803683,0.4512519626804546
-23.38,22.06,13.549,13549.0,13631.32,403.61973310225306,183.81973310225305,88.0,71.96017556798213,0.4534319150906849
-23.4,22.08,13.801,13801.0,13884.58,404.0341629116118,184.0341629116118,79.0,73.25023584649794,0.45747829252637906
-23.42,22.1,14.199,14199.0,14283.0,404.4485927209706,184.24859272097058,73.0,75.32514198519259,0.46391237468541896
-23.44,22.12,14.945,14945.0,15029.42,404.8630225303294,184.46302253032934,84.0,79.28178112263723,0.47594051585897407
-23.46,22.14,15.941,15941.0,16025.42,405.2774523396881,184.67745233968807,92.0,84.58066943077202,0.49158829879940336
-23.48,22.16,16.933,16933.0,17017.0,405.6918821490469,184.8918821490468,101.0,89.84336102144326,0.5066510803345076
-23.5,22.18,17.924,17924.0,18008.0,406.1063119584056,185.10631195840557,109.0,95.09072652258794,0.521236788863312
-23.52,22.2,19.271,19271.0,19355.84,406.5207417677643,185.3207417677643,117.0,102.25147534742052,0.5405063111761059
-23.54,22.22,20.661,20661.0,20746.68,406.9351715771231,185.53517157712307,126.0,109.62743427850862,0.5596617199663909
-23.56,22.24,22.081,22081.0,22166.260000000002,407.3496013864818,185.7496013864818,136.0,117.14108798188278,0.5785229665323404
-23.58,22.26,23.27,23270.0,23355.68,407.7640311958406,185.96403119584056,141.0,123.39975543247651,0.5937766666071308
-23.6,22.28,24.284,24284.0,24369.68,408.1784610051994,186.17846100519932,147.0,128.70179187014355,0.60639871812469
-23.62,22.3,25.345,25345.0,25430.68,408.59289081455813,186.3928908145581,153.0,134.24378472717538,0.6193171002395078
-23.64,22.32,26.281,26281.0,26366.68,409.0073206239169,186.60732062391685,157.0,139.10318519438178,0.6304265793761775
-23.66,22.34,27.0,27000.0,27086.52,409.42175043327563,186.82175043327558,161.0,142.79439191473904,0.6387362342150744
-23.68,22.36,27.407,27407.0,27493.52,409.8361802426344,187.03618024263432,162.0,144.80451741808895,0.6432162875915933
-23.7,22.38,27.506,27506.0,27592.1,410.25061005199314,187.25061005199308,164.0,145.16294169829695,0.644011849266094
-23.72,22.4,27.508,27508.0,27596.620000000003,410.66503986135183,187.46503986135184,167.0,145.01879913313564,0.6436920273660948
-23.74,22.42,27.621,27621.0,27707.940000000002,411.07946967071064,187.67946967071057,163.0,145.44404125940082,0.6446350933654543
-23.76,22.44,27.919,27919.0,28005.94,411.49389948006944,187.89389948006936,163.0,146.86185223084894,0.647769474495472
-23.78,22.46,28.476,28476.0,28562.940000000002,411.90832928942814,188.1083292894281,172.0,149.6532969967359,0.6538966650489223
-23.8,22.48,28.844,28844.0,28930.52,412.3227590987869,188.32275909878686,172.0,151.4325585360698,0.6577723412854932
-23.82,22.5,28.895,28895.0,28981.52,412.73718890814564,188.5371889081456,172.0,151.528634623965,0.6579809693816923
-23.84,22.52,28.973,28973.0,29059.940000000002,413.1516187175044,188.75161871750436,172.0,151.76976269621716,0.6585042850413073
-23.86,22.54,28.941,28941.0,29027.940000000002,413.56604852686314,188.9660485268631,171.0,151.42600575364926,0.6577581095849082
-23.88,22.56,28.671,28671.0,28757.940000000002,413.9804783362219,189.18047833622185,170.0,149.82497016044832,0.6542716127997352
-23.9,22.58,28.529,28529.0,28616.36,414.39490814558064,189.3949081455806,170.0,148.90561403148524,0.6522611528510105
-23.92,22.6,28.721,28721.0,28807.94,414.80933795493945,189.60933795493938,170.0,149.74542376595758,0.6540979039125076
-23.94,22.62,28.856,28856.0,28943.359999999997,415.2237677642982,189.8237677642981,166.0,150.2874827964575,0.6552807093069951
-23.96,22.64,28.645,28645.0,28732.36,415.63819757365695,190.03819757365687,163.0,149.005421878152,0.6524797137035909
-23.98,22.66,27.96,27960.0,28047.36,416.05262738301565,190.25262738301564,161.0,145.23482672851492,0.6441712876213569
-24.0,22.68,26.856,26856.0,26942.94,416.4670571923744,190.46705719237437,159.0,139.27066094172662,0.6308059718480944
-24.02,22.7,25.378,25378.0,25465.78,416.88148700173315,190.6814870017331,155.0,131.36513096717457,0.6126409597965996
-24.04,22.72,23.551,23551.0,23638.359999999997,417.2959168110919,190.89591681109187,148.0,121.64253940626803,0.5895338095388061
-24.06,22.74,21.904,21904.0,21992.2,417.71034662045065,191.11034662045063,138.0,112.89022303029445,0.567929127948435
-24.08,22.76,20.593,20593.0,20680.78,418.1247764298094,191.32477642980936,136.0,105.90711564742833,0.550083410941152
-24.1,22.78,19.489,19489.0,19576.78,418.5392062391682,191.53920623916815,129.0,100.02255501590949,0.5345827612417784
-24.12,22.8,18.894,18894.0,18981.78,418.95363604852696,191.7536360485269,125.0,96.80560299390515,0.5259158080201082
-24.14,22.82,18.547,18547.0,18634.36,419.3680658578857,191.96806585788565,120.0,94.88553136554864,0.5206740997853473
-24.16,22.84,18.282,18282.0,18368.94,419.78249566724446,192.18249566724438,117.0,93.39642219763311,0.5165722800970509
-24.18,22.86,17.992,17992.0,18078.94,420.19692547660316,192.39692547660314,115.0,91.78287558795125,0.5120906046727927
-24.2,22.88,17.707,17707.0,17793.52,420.6113552859619,192.61135528596188,114.0,90.19670007991597,0.5076463900897833
-24.22,22.9,17.474,17474.0,17560.94,421.02578509532066,192.82578509532064,116.0,88.88808209146826,0.5039503436180657
-24.24,22.92,17.244,17244.0,17330.94,421.4402149046794,193.04021490467937,119.0,87.59573642955691,0.5002734578766665
-24.26,22.94,17.05,17050.0,17136.94,421.8546447140382,193.25464471403816,121.0,86.49254138248281,0.49711321326946617
-24.28,22.96,16.867,16867.0,16953.94,422.26907452339697,193.4690745233969,121.0,85.4486484013101,0.49410423539200166
-24.3,22.98,16.542,16542.0,16629.36,422.6835043327557,193.68350433275566,121.0,83.67608047726954,0.48895246767895706
-24.32,23.0,16.12,16120.000000000002,16206.939999999999,423.09793414211447,193.89793414211442,121.0,81.40283771300712,0.48226500632212316
-24.34,23.02,15.606,15606.0,15692.94,423.51236395147316,194.11236395147316,120.0,78.66282871020924,0.4740790431689914
-24.36,23.04,15.05,15050.0,15136.52,423.92679376083197,194.3267937608319,116.0,75.71057455075766,0.46509776100071587
-24.38,23.06,14.544,14544.0,14630.94,424.34122357019066,194.54122357019065,99.0,73.02616132309899,0.4567780371349462
-24.4,23.08,14.138,14138.0,14224.94,424.7556533795494,194.75565337954941,82.0,70.8589666443519,0.4499490975793084
-24.42,23.1,13.83,13830.0,13916.94,425.1700831889083,194.97008318890818,71.0,69.1991801826273,0.44464811185805697
-24.44,23.12,13.604,13604.0,13691.359999999999,425.584512998267,195.18451299826694,78.0,67.96530771434473,0.4406660793271436
-24.46,23.14,13.386,13386.0,13472.939999999999,425.9989428076257,195.39894280762567,82.0,66.77078631913254,0.43677645906976437
-24.48,23.16,13.109,13109.0,13195.52,426.4133726169845,195.6133726169844,87.0,65.27726840222334,0.4318639613920216
-24.5,23.18,12.832,12832.0,12918.519999999999,426.8278024263432,195.82780242634317,90.0,63.78916600604842,0.4269130590849631
-24.52,23.2,12.891,12891.0,12977.94,427.242232235702,196.04223223570193,94.0,64.0203777759201,0.42768605901298373
-24.54,23.22,13.012,13012.0,13099.36,427.65666204506067,196.25666204506066,98.0,64.5669971450218,0.42950801470992633
-24.56,23.24,13.18,13180.0,13267.36,428.0710918544195,196.4710918544194,102.0,65.34950657096772,0.4321028534007275
-24.58,23.26,13.355,13355.0,13442.78,428.4855216637782,196.68552166377816,104.0,66.16803498420876,0.4348005617824231
-24.6,23.28,13.544,13544.0,13631.779999999999,428.899951473137,196.89995147313695,107.0,67.05374963146261,0.43770097304458766
-24.62,23.3,13.86,13860.0,13948.2,429.31438128249573,197.11438128249569,111.0,68.58396394397438,0.4426671240300884
-24.64,23.32,14.381,14381.0,14469.2,429.7288110918545,197.32881109185445,115.0,71.1475993354712,0.4508645641921789
-24.66,23.34,14.781,14781.0,14869.619999999999,430.14324090121323,197.5432409012132,116.0,73.0952711579721,0.4569941267455418
-24.68,23.36,14.898,14898.0,14987.04,430.557670710572,197.75767071057194,118.0,73.60767487291835,0.4585931121310616
-24.7,23.38,14.979,14979.0,15068.039999999999,430.97210051993073,197.97210051993068,122.0,73.93500327085985,0.45961164746791505
-24.72,23.4,15.044,15044.0,15132.619999999999,431.3865303292895,198.18653032928944,123.0,74.17877211556417,0.4603687097334178
-24.74,23.42,15.244,15244.0,15332.62,431.8009601386482,198.4009601386482,123.0,75.10457121501952,0.46323265125179813
-24.76,23.44,15.449,15449.0,15538.04,432.215389948007,198.61538994800696,122.0,76.05566020843781,0.46615650409473247
-24.78,23.46,15.372,15372.0,15461.460000000001,432.6298197573658,198.82981975736573,121.0,75.58639945749832,0.46471619436720524
-24.8,23.48,15.255,15255.0,15344.460000000001,433.0442495667245,199.04424956672446,122.0,74.91507934990409,0.46264790484435225
-24.82,23.5,15.521,15521.0,15610.460000000001,433.4586793760833,199.2586793760832,124.0,76.16732866114538,0.46649859488732004
-24.84,23.52,16.023,16023.0,16112.46,433.873109185442,199.47310918544196,125.0,78.60000255091437,0.4738896874376518
-24.86,23.54,16.284,16283.999999999998,16373.459999999997,434.28753899480074,199.68753899480072,127.0,79.82056637705473,0.47755498225576
-24.88,23.56,16.16,16160.0,16249.880000000001,434.7019688041595,199.90196880415945,130.0,79.11466868387726,0.47543865064313356
-24.9,23.58,15.843,15843.0,15932.880000000001,435.11639861351824,200.1163986135182,134.0,77.44374628346716,0.4703911633143122
-24.92,23.6,15.568,15568.0,15658.300000000001,435.53082842287705,200.330828422877,134.0,75.98815065768851,0.4659495701029351
-24.94,23.62,15.462,15462.0,15552.300000000001,435.9452582322358,200.54525823223574,133.0,75.37627603372552,0.46406981012320464
-24.96,23.64,15.611,15611.0,15701.72,436.3596880415945,200.75968804159447,136.0,76.03797585497166,0.4661023059218151
-24.98,23.66,16.128,16128.0,16219.14,436.7741178509533,200.97411785095323,141.0,78.52934522570509,0.4736766384230162
-25.0,23.68,17.09,17090.0,17181.56,437.188547660312,201.188547660312,148.0,83.22725943929467,0.4876393850239706
-25.02,23.7,18.015,18015.0,18106.14,437.6029774696708,201.40297746967073,152.0,87.72728806946775,0.5006489733178263
-25.04,23.72,18.631,18631.0,18722.14,438.0174072790295,201.61740727902946,160.0,90.68722209792413,0.5090249000306486
-25.06,23.74,18.884,18884.0,18975.14,438.43183708838825,201.83183708838823,167.0,91.84233979297245,0.5122564642078989
-25.08,23.76,18.868,18868.0,18959.140000000003,438.846266897747,202.046266897747,173.0,91.66362743279556,0.5117578317714502
-25.1,23.78,18.686,18686.0,18777.56,439.2606967071058,202.26069670710575,174.0,90.66664755856466,0.5089671545915727
-25.12,23.8,18.422,18422.0,18513.98,439.67512651646456,202.4751265164645,173.0,89.2667913557955,0.5050227473117155
-25.14,23.82,18.25,18250.0,18341.98,440.0895563258233,202.68955632582325,174.0,88.3217210012385,0.502342287976289
-25.16,23.84,18.245,18245.0,18336.98,440.503986135182,202.90398613518198,176.0,88.20169753560945,0.5020008467141677
-25.18,23.86,18.233,18233.0,18324.98,440.9184159445408,203.11841594454074,177.0,88.04746482927726,0.5015617461753902
-25.2,23.88,18.012,18012.0,18103.98,441.3328457538995,203.3328457538995,177.0,86.865686105745,0.4981843781049772
-25.22,23.9,17.746,17746.0,17838.4,441.7472755632583,203.54727556325824,177.0,85.46738184678,0.4941583952157735
-25.24,23.92,17.637,17637.0,17729.4,442.161705372617,203.76170537261697,177.0,84.84046726549714,0.4923427008134451
-25.26,23.94,17.622,17622.0,17714.4,442.5761351819758,203.9761351819758,175.0,84.67570899609946,0.49186440929560327
-25.28,23.96,17.372,17372.0,17464.4,442.99056499133457,204.19056499133453,174.0,83.36041107350393,0.4880293055413313
-25.3,23.98,16.988,16988.0,17080.4,443.4049948006933,204.40499480069326,172.0,81.39231148153372,0.4822338243796371
-25.32,24.0,16.662,16662.0,16754.4,443.81942461005207,204.61942461005202,168.0,79.71178985804207,0.47722947417670813
-25.34,24.02,16.387,16387.0,16479.4,444.2338544194108,204.83385441941078,164.0,78.28376901382491,0.47293541997620686
-25.36,24.04,16.233,16233.0,16325.400000000001,444.6482842287695,205.04828422876952,159.0,77.44883979645154,0.4704066319881481
-25.38,24.06,16.139,16139.0,16231.400000000001,445.0627140381283,205.26271403812825,140.0,76.90796333828806,0.46876117385017546
-25.4,24.08,15.949,15949.0,16041.820000000002,445.477143847487,205.477143847487,115.0,75.90305453986997,0.46568859779246713
-25.42,24.1,15.62,15620.0,15712.820000000002,445.8915736568458,205.69157365684578,100.0,74.22242999517762,0.46050416469398786
-25.44,24.12,15.298,15298.0,15390.82,446.30600346620463,205.90600346620454,111.0,72.57930193855006,0.4553783417227295
-25.46,24.14,15.105,15105.0,15197.4,446.7204332755633,206.1204332755633,118.0,71.56340267829822,0.4521801242813949
-25.48,24.16,14.911,14911.0,15002.560000000001,447.1348630849221,206.33486308492203,122.0,70.54273291142489,0.4489439446759628
-25.5,24.18,14.717,14717.0,14808.14,447.5492928942808,206.54929289428077,126.0,69.52621578063682,0.44569757773833535
-25.52,24.2,15.039,15039.0,15130.98,447.9637227036396,206.76372270363953,129.0,71.01350316826107,0.4504394779966436
-25.54,24.22,15.415,15415.0,15507.4,448.3781525129983,206.9781525129983,134.0,72.75657679155916,0.45593413306109143
-25.56,24.24,16.071,16071.000000000002,16163.400000000003,448.792582322357,207.19258232235703,143.0,75.84541512798148,0.4655117464467971
-25.58,24.26,16.679,16679.0,16771.82,449.2070121317158,207.40701213171576,148.0,78.69846260309876,0.474186408804141
-25.6,24.28,17.004,17004.0,17096.82,449.62144194107464,207.62144194107458,150.0,80.18053627998401,0.4786305950461588
-25.62,24.3,17.003,17003.0,17096.24,450.03587175043333,207.8358717504333,152.0,80.0930271952193,0.4783693348844274
-25.64,24.32,16.791,16791.0,16884.24,450.45030155979214,208.05030155979205,152.0,78.98950193887254,0.47506240774652075
-25.66,24.34,16.578,16578.0,16671.24,450.86473136915083,208.2647313691508,154.0,77.88344748530712,0.47172463967054556
-25.68,24.36,16.376,16376.000000000002,16469.24,451.2791611785096,208.47916117850957,153.0,76.83243134840785,0.46853093006121
-25.7,24.38,16.112,16111.999999999998,16205.659999999998,451.69359098786833,208.6935909878683,150.0,75.48850127327549,0.46441515071039463
-25.72,24.4,15.719,15719.0,15812.66,452.1080207972271,208.90802079722704,148.0,73.52782301313471,0.45834429670635374
-25.74,24.42,15.396,15396.0,15489.66,452.52245060658583,209.1224506065858,143.0,71.90589774448567,0.45326087645758917
-25.76,24.44,15.138,15138.0,15231.66,452.93688041594464,209.33688041594456,137.0,70.59779953832924,0.4491191364002882
-25.78,24.46,14.834,14834.0,14927.66,453.3513102253034,209.55131022530333,132.0,69.07286179319209,0.444242089062748
-25.8,24.48,14.592,14592.0,14685.66,453.76574003466214,209.7657400346621,127.0,67.84660954459785,0.4402811100214364
-25.82,24.5,14.585,14585.0,14679.5,454.18016984402084,209.98016984402082,127.0,67.74601544861568,0.4399545932694668
-25.84,24.52,14.75,14750.0,14844.08,454.59459965337965,210.19459965337956,128.0,68.45792148835191,0.44226017387426053
-25.86,24.54,15.121,15121.0,15215.5,455.00902946273834,210.40902946273832,128.0,70.15141416804653,0.44769700904596665
-25.88,24.56,15.347,15347.0,15441.5,455.4234592720971,210.62345927209708,127.0,71.1510322379043,0.45087544126606566
-25.9,24.58,15.305,15305.0,15399.5,455.83788908145584,210.8378890814558,125.0,70.8774982334658,0.4500079308300047
-25.92,24.6,15.339,15339.0,15433.5,456.25231889081465,211.0523188908146,124.0,70.96462033595321,0.45028441912054146
-25.94,24.62,15.659,15659.0,15753.5,456.6667487001734,211.26674870017337,126.0,72.40530440977659,0.45483216499456963
-25.96,24.64,16.297,16297.0,16391.5,457.08117850953215,211.4811785095321,127.0,75.34674685375018,0.46397889993203717
-25.98,24.66,16.988,16988.0,17082.92,457.4956083188909,211.69560831889083,127.0,78.5345738804234,0.47369240737129165
-26.0,24.68,17.458,17458.0,17552.92,457.91003812824965,211.9100381282496,127.0,80.6710720873247,0.4800924675438642
-26.02,24.7,17.854,17854.0,17948.92,458.32446793760835,212.12446793760836,128.0,82.4543990710532,0.48536995925362575
-26.04,24.72,18.39,18390.0,18485.34,458.73889774696715,212.3388977469671,132.0,84.89542563103238,0.49250214105707885
-26.06,24.74,18.861,18861.0,18956.34,459.15332755632585,212.55332755632583,136.0,87.02374545297104,0.4986374160878568
-26.08,24.76,18.995,18995.0,19090.76,459.5677573656846,212.7677573656846,138.0,87.56586276656961,0.5001881439349158
-26.1,24.78,18.939,18939.0,19034.34,459.98218717504346,212.98218717504335,139.0,87.21085110070392,0.4991731766508748
-26.12,24.8,18.959,18959.0,19054.34,460.39661698440216,213.1966169844021,141.0,87.21500202968028,0.4991850559509978
-26.14,24.82,18.83,18830.0,18925.760000000002,460.8110467937609,213.41104679376087,141.0,86.52292948570114,0.4972005329433448
-26.16,24.84,18.585,18585.0,18680.76,461.22547660311966,213.6254766031196,140.0,85.28727384536502,0.49363744314270924
-26.18,24.86,18.425,18425.0,18521.18,461.6399064124784,213.83990641247834,139.0,84.45355404688712,0.49121875850316604
-26.2,24.88,18.182,18182.0,18278.600000000002,462.05433622183716,214.0543362218371,138.0,83.23375259875058,0.487658406787698
-26.22,24.9,17.756,17756.0,17852.6,462.46876603119586,214.26876603119587,138.0,81.16036488228495,0.4815462146113584
-26.24,24.92,17.264,17264.0,17360.18,462.88319584055466,214.4831958405546,138.0,78.78144829919816,0.47443635219428887
-26.26,24.94,16.685,16685.0,16781.18,463.29762564991347,214.6976256499134,137.0,76.00401879133064,0.4659982182410163
-26.28,24.96,16.003,16003.0,16099.18,463.71205545927216,214.91205545927215,132.0,72.75286586937789,0.4559225055372518
-26.3,24.98,15.355,15355.0,15451.18,464.126485268631,215.1264852686309,125.0,69.66624075142057,0.44614616679617
-26.32,25.0,14.795,14795.0,14891.6,464.54091507798967,215.34091507798962,121.0,66.99636750265034,0.4375136487753442
-26.34,25.02,14.322,14322.0,14418.18,464.9553448873484,215.55534488734838,114.0,64.7315178494171,0.4300548730749106
-26.36,25.04,14.004,14004.0,14100.18,465.36977469670717,215.76977469670712,106.0,63.1914745448885,0.4249083079068387
-26.38,25.06,13.995,13995.0,14091.6,465.78420450606586,215.98420450606585,96.0,63.087093922700525,0.42455722792003475
-26.4,25.08,14.595,14595.0,14691.179999999998,466.19863431542467,216.1986343154246,86.0,65.79588909396593,0.43357612313662797
-26.42,25.1,15.932,15932.0,16028.179999999998,466.6130641247835,216.4130641247834,80.0,71.90678159291919,0.45326366213092856
-26.44,25.12,17.483,17483.0,17579.18,467.02749393414217,216.62749393414214,85.0,78.99344720882104,0.4750742715131755
-26.46,25.14,18.404,18404.0,18498.92,467.441923743501,216.8419237435009,91.0,83.15494423295038,0.4874274868647508
-26.48,25.16,18.716,18716.0,18808.82,467.8563535528597,217.05635355285966,98.0,84.49862603068456,0.49134982019123186
-26.5,25.18,19.028,19028.0,19120.4,468.2707833622184,217.2707833622184,103.0,85.84738789081585,0.49525574314349624
-26.52,25.2,19.236,19236.0,19332.18,468.6852131715772,217.48521317157713,108.0,86.73460835218597,0.49780836344976304
-26.54,25.22,19.223,19223.0,19320.440000000002,469.0996429809359,217.6996429809359,111.0,86.5933453031427,0.49740281262672725
-26.56,25.24,19.165,19165.0,19262.440000000002,469.5140727902947,217.91407279029465,116.0,86.24007475320198,0.49638716097475477
-26.58,25.26,19.287,19287.0,19384.02,469.92850259965337,218.1285025996534,118.0,86.71077494221244,0.4977399634984759
-26.6,25.28,19.56,19560.0,19657.440000000002,470.34293240901223,218.34293240901218,119.0,87.87597040992674,0.5010730497354844
-26.62,25.3,20.153,20153.0,20250.440000000002,470.757362218371,218.5573622183709,121.0,90.50110431886904,0.5085022947521449
-26.64,25.32,20.609,20609.0,20707.280000000002,471.1717920277297,218.77179202772965,124.0,92.49870845052692,0.5140836742635995
-26.66,25.34,20.712,20712.0,20809.86,471.5862218370885,218.9862218370884,128.0,92.87467315315058,0.5151273716363766
-26.68,25.36,20.328,20328.0,20425.44,472.0006516464472,219.20065164644717,132.0,91.02819356822364,0.5099809340083877
-26.7,25.38,20.016,20016.0,20113.86,472.41508145580593,219.4150814558059,133.0,89.51729656969971,0.5057308617089294
-26.72,25.4,19.63,19630.0,19728.280000000002,472.8295112651647,219.62951126516464,132.0,87.67241878295313,0.5004923826534744
-26.74,25.42,18.977,18977.0,19075.28,473.24394107452343,219.8439410745234,130.0,84.61473155914584,0.49168727447766414
-26.76,25.44,18.276,18276.0,18374.7,473.65837088388224,220.0583708838822,125.0,81.34678793274323,0.48209894637258033
-26.78,25.46,17.738,17738.0,17836.7,474.072800693241,220.27280069324092,123.0,78.82329159416518,0.47456232947291305
-26.8,25.48,17.425,17425.0,17523.7,474.48723050259974,220.4872305025997,121.0,77.32517085290515,0.47003091342988174
-26.82,25.5,17.506,17506.0,17604.7,474.9016603119585,220.70166031195845,120.0,77.61517659393832,0.4709115069853914
-26.84,25.52,17.573,17573.0,17671.7,475.3160901213172,220.91609012131718,117.0,77.84124687538696,0.47159682197943786
-26.86,25.54,17.274,17274.0,17373.12,475.730519930676,221.13051993067592,112.0,76.41364695098004,0.4672522932787261
-26.88,25.56,16.816,16816.0,16914.7,476.1449497400347,221.34494974003468,109.0,74.26668225124055,0.4606414231458458
-26.9,25.58,16.479,16479.0,16577.28,476.55937954939344,221.55937954939344,108.0,72.67000229552991,0.45566278977685715
-26.92,25.6,16.492,16492.0,16590.28,476.9738093587523,221.7738093587522,109.0,72.65648832579491,0.4556204194778021
-26.94,25.62,16.809,16809.0,16908.12,477.388239168111,221.98823916811097,110.0,74.01622636588846,0.45986403694349376
-26.96,25.64,17.379,17379.0,17478.12,477.80266897746975,222.2026689774697,109.0,76.50815991209484,0.4675411667500363
-26.98,25.66,17.938,17938.0,18037.120000000003,478.2170987868285,222.41709878682843,111.0,78.94583193912703,0.4749310684995005
-27.0,25.68,18.303,18303.0,18402.12,478.63152859618725,222.6315285961872,116.0,80.50741323307238,0.47960523419362416
-27.02,25.7,18.521,18521.0,18620.12,479.045958405546,222.84595840554596,120.0,81.40634082571262,0.48227538317471874
-27.04,25.72,18.643,18643.0,18742.96,479.4603882149047,223.0603882149047,122.0,81.87692919367359,0.4836673272100318
-27.06,25.74,18.319,18319.0,18418.54,479.8748180242635,223.27481802426342,124.0,80.34343210180708,0.4791165444315404
-27.08,25.76,17.424,17424.0,17523.54,480.2892478336222,223.4892478336222,125.0,76.25982420798303,0.46678176059354404
-27.1,25.78,16.709,16709.0,16808.12,480.703677642981,223.70367764298098,123.0,72.9868033211984,0.45665492855640194
-27.12,25.8,16.154,16154.0,16253.119999999999,481.1181074523398,223.9181074523397,125.0,70.4364737269168,0.44860569299908676
-27.14,25.82,15.833,15833.0,15932.539999999999,481.5325372616985,224.13253726169847,141.0,68.93692299881303,0.44380472861323345
-27.16,25.84,15.631,15631.0,15730.539999999999,481.94696707105726,224.34696707105724,138.0,67.9687950856018,0.4406773847015906
-27.18,25.86,15.607,15607.0,15706.960000000001,482.361396880416,224.56139688041597,137.0,67.79704265567527,0.4401202519301653
-27.2,25.88,15.711,15711.0,15811.8,482.77582668977476,224.7758266897747,147.0,68.19694270090102,0.44141636548372337
-27.22,25.9,15.627,15627.0,15728.640000000001,483.1902564991335,224.99025649913347,152.0,67.76048874614081,0.4400015868352581
-27.24,25.92,16.08,16079.999999999998,16186.679999999998,483.6046863084922,225.20468630849223,152.0,69.72801308486518,0.4463439195600028
-27.26,25.94,17.008,17008.0,17111.739999999998,484.019116117851,225.419116117851,149.0,73.76357946141992,0.4590785163514902
-27.28,25.96,17.465,17465.0,17567.48,484.4335459272098,225.63354592720975,143.0,75.71146561506349,0.46510049794199926
-27.3,25.98,17.909,17909.0,18000.98,484.8479757365685,225.8479757365685,139.0,77.55717963438573,0.470735532770292
-27.32,26.0,18.438,18438.0,18527.460000000003,485.2624055459273,226.06240554592722,135.0,79.8106945331456,0.4775254504306419
-27.34,26.02,18.939,18939.0,19030.98,485.676835355286,226.27683535528598,126.0,81.95846974581387,0.48390810740946577
-27.36,26.04,18.975,18975.0,19068.24,486.09126516464477,226.49126516464474,108.0,82.04355572532705,0.4841592291955407
-27.38,26.06,18.727,18727.0,18821.92,486.5056949740035,226.70569497400348,99.0,80.87760789215521,0.4807066461906596
-27.4,26.08,18.412,18412.0,18508.600000000002,486.92012478336227,226.9201247833622,90.0,79.41860552219293,0.47635102759622533
-27.42,26.1,18.297,18297.0,18395.7,487.3345545927211,227.13455459272103,90.0,78.84474239297973,0.4746268982594335
-27.44,26.12,18.234,18234.0,18333.120000000003,487.7489844020798,227.34898440207976,106.0,78.49329550572067,0.47356790282679984
-27.46,26.14,17.417,17417.0,17516.120000000003,488.1634142114385,227.5634142114385,119.0,74.8273031708304,0.4623767887489608
-27.48,26.16,16.6,16600.0,16699.54,488.57784402079733,227.77784402079726,131.0,71.1700570600671,0.4509357162297308
-27.5,26.18,15.783,15783.0,15882.54,488.992273830156,227.99227383015602,149.0,67.51784816022908,0.43921308905889234
-27.52,26.2,14.825,14825.0,14924.960000000001,489.40670363951483,228.20670363951476,157.0,63.25648224236004,0.42512681214755554
-27.54,26.22,13.942,13942.0,14041.539999999999,489.8211334488735,228.4211334488735,144.0,59.327780498840525,0.41171342494798674
-27.56,26.24,13.126,13126.0,13226.380000000001,490.2355632582323,228.63556325823225,141.0,55.70500168583546,0.39894504342555204
-27.58,26.26,12.363,12363.0,12462.960000000001,490.649993067591,228.84999306759102,132.0,52.31509884029745,0.38661571485427026
-27.6,26.28,12.274,12274.0,12372.699999999999,491.06442287694983,229.06442287694978,127.0,51.8702792336534,0.3849685673018491
-27.62,26.3,12.822,12822.0,12922.800000000001,491.4788526863086,229.27885268630854,120.0,54.21922258273771,0.3935886996880217
-27.64,26.32,12.891,12891.0,12994.74,491.89328249566734,229.49328249566727,111.0,54.48022958031628,0.3945349145524432
-27.66,26.34,12.993,12993.0,13095.06,492.30771230502603,229.707712305026,105.0,54.864297594675165,0.3959231440378122
-27.68,26.36,12.908,12908.0,13011.32,492.72214211438484,229.92214211438477,107.0,54.44711737096506,0.394415000334003
-27.7,26.38,12.567,12567.0,12671.16,493.13657192374353,230.13657192374353,104.0,52.91650660422404,0.388831607343348
-27.72,26.4,12.336,12336.0,12439.32,493.55100173310234,230.35100173310227,102.0,51.85898436902803,0.38492665115402375
-27.74,26.42,12.361,12361.0,12463.480000000001,493.96543154246103,230.565431542461,100.0,51.91374304631278,0.3851298224395538
-27.76,26.44,12.926,12926.0,13028.48,494.37986135181984,230.77986135181982,97.0,54.31193200840071,0.39392505454138177
-27.78,26.46,14.134,14134.0,14236.9,494.7942911611786,230.99429116117855,98.0,59.49110534186375,0.4122797432460626
-27.8,26.48,15.792,15792.0,15896.16,495.20872097053734,231.20872097053729,106.0,66.61059848599739,0.43625221566689865
-27.82,26.5,17.408,17408.0,17510.9,495.6231507798961,231.42315077989605,116.0,73.52452333259927,0.4583340121184215
-27.84,26.52,18.713,18713.0,18812.12,496.03758058925484,231.6375805892548,126.0,79.0721538915106,0.47531088740952515
-27.86,26.54,19.564,19564.0,19665.22,496.45201039861354,231.85201039861354,139.0,82.67673830666949,0.4860239215355248
-27.88,26.56,20.206,20206.0,20309.74,496.86644020797235,232.06644020797228,150.0,85.37586710959246,0.4938937627512114
-27.9,26.58,20.871,20871.0,20975.16,497.28087001733104,232.28087001733104,159.0,88.15998979362685,0.5018821426636418
-27.92,26.6,21.313,21313.0,21416.32,497.69529982668985,232.4952998266898,164.0,89.97439825995102,0.5070204229753923
-27.94,26.62,21.71,21710.0,21812.48,498.10972963604866,232.70972963604856,163.0,91.59208901019748,0.5115580933640661
-27.96,26.64,21.974,21974.0,22076.899999999998,498.52415944540735,232.92415944540733,164.0,92.64120944745588,0.5144795135375887
-27.98,26.66,22.262,22262.0,22365.32,498.9385892547661,233.13858925476606,166.0,93.79134308327818,0.517663274679809
-28.0,26.68,22.79,22790.0,22893.32,499.35301906412485,233.3530190641248,170.0,95.96604779637357,0.523630316148367
-28.02,26.7,23.265,23265.0,23368.739999999998,499.7674488734836,233.56744887348356,177.0,97.91164248882106,0.5289116655624644
-28.04,26.72,23.648,23648.0,23752.16,500.18187868284235,233.78187868284232,186.0,99.46013887954808,0.533077691683058
-28.06,26.74,23.94,23940.0,24043.739999999998,500.59630849220105,233.99630849220105,193.0,100.61331242023621,0.5361591246215629
-28.08,26.76,24.049,24049.0,24152.74,501.01073830155985,234.2107383015598,201.0,100.98482005229616,0.5371480776213154
-28.1,26.78,24.024,24024.0,24128.16,501.42516811091866,234.4251681109186,206.0,100.78582868162883,0.5366185894272948
-28.12,26.8,23.734,23734.0,23838.16,501.83959792027736,234.63959792027734,210.0,99.45601939706964,0.5330666519490775
-28.14,26.82,23.078,23078.0,23182.16,502.25402772963616,234.85402772963607,212.0,96.57022360450837,0.5252760460789256
-28.16,26.84,22.244,22244.0,22349.0,502.66845753899486,235.06845753899483,216.0,92.9360398718615,0.5152975281243185
-28.18,26.86,21.507,21507.0,21610.74,503.0828873483536,235.2828873483536,218.0,89.71182456376528,0.5062800596049731
-28.2,26.88,20.706,20706.0,20809.74,503.49731715771236,235.4973171577123,214.0,86.22706588730784,0.4963497208544678
-28.22,26.9,20.03,20030.0,20134.16,503.9117469670711,235.71174696707106,207.0,83.28073804389254,0.48779602892981094
-28.24,26.92,19.391,19391.0,19495.16,504.32617677642986,235.92617677642983,201.0,80.49481444875788,0.4795677054799543
-28.26,26.94,18.841,18841.0,18944.739999999998,504.74060658578867,236.1406065857886,196.0,78.08906591723799,0.47234692431135217
-28.28,26.96,18.442,18442.0,18545.739999999998,505.1550363951474,236.35503639514735,189.0,76.32832893581296,0.4669913701735916
-28.3,26.98,18.195,18195.0,18298.739999999998,505.56946620450617,236.5694662045061,179.0,75.21330127368978,0.46356784454517175
-28.32,27.0,18.028,18028.0,18132.16,505.98389601386486,236.78389601386485,171.0,74.43992771769426,0.46117839039230873
-28.34,27.02,17.862,17862.0,17967.0,506.3983258232237,236.99832582322358,168.0,73.6739452210333,0.4587995056076341
-28.36,27.04,17.639,17639.0,17743.16,506.81275563258237,237.21275563258234,161.0,72.66197468345551,0.4556376213096654
-28.38,27.06,17.357,17357.0,17461.16,507.2271854419411,237.4271854419411,140.0,71.40687273447826,0.4516853289450783
-28.4,27.08,17.212,17212.0,17316.579999999998,507.64161525129987,237.64161525129984,119.0,70.73230152460326,0.4495467607160517
-28.42,27.1,17.103,17103.0,17209.260000000002,508.0560450606587,237.85604506065863,125.0,70.21559595292254,0.44790176203819687
-28.44,27.12,17.024,17024.0,17130.68,508.4704748700174,238.0704748700174,130.0,69.82054172910539,0.4466399691957251
-28.46,27.14,16.785,16785.0,16888.739999999998,508.8849046793762,238.28490467937613,129.0,68.7406326362155,0.4431724354379955
-28.48,27.16,16.546,16546.0,16646.38,509.29933448873487,238.49933448873486,125.0,67.6609043798966,0.43967814325577687
-28.5,27.18,16.559,16559.0,16660.64,509.7137642980937,238.71376429809362,122.0,67.65812722693883,0.4396691198323018
-28.52,27.2,16.592,16592.0,16694.9,510.1281941074524,238.92819410745236,119.0,67.73906221638217,0.43993201493082074
-28.54,27.22,16.683,16683.0,16786.32,510.5426239168112,239.1426239168111,120.0,68.0588726071055,0.44096929795008083
-28.56,27.24,16.704,16704.0,16807.739999999998,510.9570537261699,239.35705372616985,117.0,68.08565986493858,0.4410560698561662
-28.58,27.26,16.715,16715.0,16819.579999999998,511.3714835355286,239.5714835355286,110.0,68.07241110583159,0.4410131553134428
-28.6,27.28,16.89,16890.0,16995.0,511.78591334488743,239.78591334488738,107.0,68.7413779096651,0.4431748378289966
-28.62,27.3,17.105,17105.0,17210.0,512.2003431542462,240.00034315424614,108.0,69.57406575920695,0.44585092242397073
-28.64,27.32,17.343,17343.0,17448.42,512.614772963605,240.2147729636049,108.0,70.50276308194562,0.4488167398264196
-28.66,27.34,17.508,17508.0,17613.42,513.0292027729637,240.42920277296363,108.0,71.12443330511256,0.4507911562864071
-28.68,27.36,17.62,17620.0,17725.42,513.4436325823224,240.64363258232237,109.0,71.52475294159129,0.45205800178292954
-28.7,27.38,17.68,17680.0,17785.84,513.8580623916812,240.85806239168113,108.0,71.71020876818639,0.45264369073946764
-28.72,27.4,17.794,17794.0,17899.84,514.2724922010399,241.0724922010399,107.0,72.11759147244577,0.4539275948318686
-28.74,27.42,17.959,17959.0,18065.26,514.6869220103987,241.28692201039863,108.0,72.73735738248271,0.45587390920385845
-28.76,27.44,17.932,17932.0,18038.260000000002,515.1013518197575,241.50135181975742,107.0,72.5592569819589,0.45531545416952063
-28.78,27.46,17.933,17933.0,18039.68,515.5157816291162,241.71578162911615,106.0,72.49904867717578,0.45512650887159395
-28.8,27.48,17.884,17884.0,17990.68,515.930211438475,241.93021143847488,107.0,72.2305398927224,0.45428291968999235
-28.82,27.5,17.889,17889.0,17995.26,516.3446412478337,242.14464124783365,106.0,72.18377936707093,0.4541358493008481
-28.84,27.52,17.794,17794.0,17900.68,516.7590710571924,242.3590710571924,106.0,71.72795659396017,0.452699700507838
-28.86,27.54,17.563,17563.0,17669.26,517.1735008665512,242.57350086655114,105.0,70.70882201831871,0.44947214125752544
-28.88,27.56,17.271,17271.0,17377.68,517.5879306759099,242.78793067590988,103.0,69.4436993733025,0.44543301363730003
-28.9,27.58,16.84,16840.0,16946.68,518.0023604852687,243.00236048526864,99.0,67.60707018115849,0.43950319414135414
-28.92,27.6,16.338,16338.000000000002,16444.68,518.4167902946275,243.21679029462743,94.0,65.481758847375,0.43253987049048853
-28.94,27.62,16.049,16049.0,16156.099999999999,518.8312201039862,243.43122010398616,92.0,64.23690754709385,0.4284087085519216
-28.96,27.64,15.9,15900.0,16006.679999999998,519.245649913345,243.64564991334493,91.0,63.56540474083948,0.4261636330292441
-28.98,27.66,15.844,15844.0,15950.68,519.6600797227037,243.8600797227037,86.0,63.27817139166074,0.42519968885777065
-29.0,27.68,15.872,15872.0,15978.68,520.0745095320624,244.07450953206242,83.0,63.33559993669575,0.4253925915692325
-29.02,27.7,16.055,16055.0,16162.099999999999,520.4889393414212,244.28893934142116,84.0,64.02914148641693,0.4277153308532505
-29.04,27.72,16.391,16391.0,16497.68,520.90336915078,244.50336915077992,90.0,65.34378927513546,0.43208395108601444
-29.06,27.74,16.525,16525.0,16631.68,521.3177989601387,244.71779896013868,101.0,65.83240887870207,0.43369643392157564
-29.08,27.76,16.555,16555.0,16662.52,521.7322287694974,244.9322287694974,107.0,65.8989952131632,0.4339157100937699
-29.1,27.78,16.407,16407.0,16515.78,522.1466585788562,245.1466585788562,96.0,65.24108235510164,0.4317442442501666
-29.12,27.8,15.765,15765.0,15873.36,522.561088388215,245.36108838821494,92.0,62.56411321147819,0.4227938140224523
-29.14,27.82,14.875,14875.0,14984.619999999999,522.9755181975737,245.57551819757367,99.0,58.8887874000842,0.4101873697299258
-29.16,27.84,14.351,14351.0,14460.62,523.3899480069325,245.78994800693243,99.0,56.703824403754595,0.4025058097318227
-29.18,27.86,14.898,14898.0,15011.4,523.8043778162912,246.0043778162912,98.0,58.89161709554054,0.41019722467383396
-29.2,27.88,15.766,15766.0,15876.88,524.21880762565,246.21880762564993,96.0,62.35373057169732,0.4220823567967929
-29.22,27.9,16.835,16835.0,16940.42,524.6332374350087,246.43323743500866,92.0,66.61352556752533,0.4362618007164483
-29.24,27.92,18.01,18010.0,18114.16,525.0476672443674,246.64766724436743,91.0,71.31270499845893,0.4513874009206312
-29.26,27.94,18.963,18963.0,19069.68,525.4620970537262,246.86209705372622,86.0,75.11974549462883,0.4632794451196471
-29.28,27.96,19.401,19401.0,19506.42,525.876526863085,247.07652686308495,80.0,76.8205046190195,0.4684945635269863
-29.3,27.98,19.542,19542.0,19647.84,526.2909566724438,247.2909566724437,79.0,77.32409345100132,0.47002763885603066
-29.32,28.0,19.39,19390.0,19496.68,526.7053864818025,247.50538648180247,80.0,76.64469401320663,0.4679581605632423
-29.34,28.02,19.053,19053.0,19161.78,527.1198162911612,247.7198162911612,82.0,75.22474569336153,0.46360311133358
-29.36,28.04,18.703,18703.0,18812.62,527.53424610052,247.93424610051994,80.0,73.74973825312603,0.4590354429301449
-29.38,28.06,18.691,18691.0,18801.04,527.9486759098787,248.1486759098787,77.0,73.6376740963407,0.4586865537172127
-29.4,28.08,18.697,18697.0,18806.62,528.3631057192374,248.36310571923747,75.0,73.59489583345544,0.4585533021936815
-29.42,28.1,18.699,18699.0,18808.200000000004,528.7775355285963,248.57753552859623,79.0,73.53609981529708,0.4583700931882666
-29.44,28.12,18.908,18908.0,19017.200000000004,529.191965337955,248.791965337955,82.0,74.31111374335677,0.46077919640339904
-29.46,28.14,19.265,19265.0,19373.78,529.6063951473138,249.00639514731373,87.0,75.67746841885067,0.46499606271405497
-29.48,28.16,19.622,19622.0,19730.78,530.0208249566725,249.22082495667246,91.0,77.0431571213257,0.46917300227200903
-29.5,28.18,20.365,20365.0,20474.2,530.4352547660312,249.43525476603122,92.0,79.95567733174327,0.47795898608187015
-29.52,28.2,21.409,21409.0,21518.62,530.84968457539,249.64968457538998,96.0,84.06888376855392,0.49009877654131817
-29.54,28.22,22.305,22305.0,22415.04,531.2641143847487,249.86411438474872,101.0,87.58270846336067,0.5002362540793261
-29.56,28.24,23.207,23207.0,23317.46,531.6785441941075,250.07854419410745,104.0,91.1144997634019,0.5102226398163338
-29.58,28.26,24.037,24037.0,24147.04,532.0929740034662,250.2929740034662,108.0,94.34922062842044,0.5192005410200253
-29.6,28.28,24.66,24660.0,24770.46,532.507403812825,250.507403812825,110.0,96.75543408009358,0.5257795140281675
-29.62,28.3,25.015,25015.0,25125.46,532.9218336221838,250.72183362218374,113.0,98.08694285251862,0.5293849338147556
-29.64,28.32,25.1,25100.0,25210.460000000003,533.3362634315425,250.9362634315425,118.0,98.34020559288588,0.5300679352495055
-29.66,28.34,25.175,25175.0,25285.879999999997,533.7506932409012,251.15069324090126,122.0,98.55489143729775,0.5306462136928568
-29.68,28.36,25.076,25076.0,25187.3,534.16512305026,251.36512305026,124.0,98.07699086408415,0.5293580772004742
-29.7,28.38,24.92,24920.0,25032.56,534.5795528596188,251.57955285961873,127.0,97.37667536443331,0.5274647594577381
-29.72,28.4,24.731,24731.0,24843.56,534.9939826689775,251.7939826689775,129.0,96.54148903664799,0.5251978920549798
-29.74,28.42,24.72,24720.0,24830.88,535.4084124783362,252.00841247833625,128.0,96.40738318452051,0.5248329889036009
-29.76,28.44,25.119,25119.0,25231.56,535.822842287695,252.22284228769502,126.0,97.91237357298274,0.528913640190864
-29.78,28.46,25.494,25494.0,25606.56,536.2372720970538,252.43727209705378,125.0,99.31307892704623,0.5326834464081599
-29.8,28.48,25.774,25774.0,25886.559999999998,536.6517019064125,252.6517019064125,123.0,100.33539495999011,0.5354181142140627
-29.82,28.5,25.69,25690.0,25802.56,537.0661317157713,252.86613171577125,125.0,99.91648030066504,0.534299221412403
-29.84,28.52,25.512,25512.0,25624.14,537.48056152513,253.08056152513,128.0,99.12519273426636,0.5321793272794596
-29.86,28.54,25.312,25312.0,25423.72,537.8949913344889,253.29499133448877,117.0,98.24838966437568,0.5298204268951501
-29.88,28.56,25.334,25334.0,25445.72,538.3094211438475,253.5094211438475,128.0,98.25043371750304,0.5298259383110189
-29.9,28.58,25.444,25444.0,25556.56,538.7238509532062,253.72385095320624,134.0,98.60261877256775,0.5307746865870886
-29.92,28.6,25.599,25599.0,25711.14,539.138280762565,253.93828076256506,139.0,99.12645562396919,0.5321827173442519
-29.94,28.62,25.887,25887.0,25998.719999999998,539.5527105719239,254.1527105719238,137.0,100.17271597118486,0.5349838875308965
-29.96,28.64,26.161,26161.0,26275.24,539.9671403812825,254.36714038128252,147.0,101.1737318784295,0.5376502630585624
-29.98,28.66,26.268,26268.0,26383.5,540.3815701906414,254.5815701906413,149.0,101.51213385343233,0.5385486683231737
-30.0,28.68,26.257,26257.0,26369.140000000003,540.796,254.79600000000005,144.0,101.36871850421514,0.5381681057179469
