selected_layer_name,selected_layer_top_z_m_nap,selected_layer_bottom_z_m_nap,selected_layer_gamma_kN_m3,z_m_nap,depth_m,qc_mpa,qc_kPa,qt_kPa,sigma_v0_kPa,sigma_v0_eff_kPa,fs_kPa,Qt,Dr
Sand 1,-2.04,-4.46,19.7,-2.04,0.56,5.5,5500.0,5501.26,8.868,4.068,41.0,1350.1455260570306,1.155404254302814
Sand 1,-2.04,-4.46,19.7,-2.06,0.58,5.585,5585.0,5586.26,9.262,4.262,43.0,1308.540122008447,1.151135980345626
Sand 1,-2.04,-4.46,19.7,-2.08,0.6,5.644,5644.0,5644.84,9.656,4.4559999999999995,44.0,1264.628366247756,1.1453378345147949
Sand 1,-2.04,-4.46,19.7,-2.1,0.62,5.733,5733.0,5733.84,10.05,4.65,44.0,1230.9225806451611,1.1421043389130616
Sand 1,-2.04,-4.46,19.7,-2.12,0.64,5.897,5897.0,5898.26,10.444000000000003,4.844,44.0,1215.4863748967794,1.14447957117105
Sand 1,-2.04,-4.46,19.7,-2.14,0.66,6.248,6248.0,6249.26,10.838000000000003,5.038,44.0,1238.2735212385867,1.1595086466014453
Sand 1,-2.04,-4.46,19.7,-2.16,0.68,6.714,6714.0,6715.26,11.232000000000003,5.232000000000001,44.0,1281.3509174311923,1.1807335619943893
Sand 1,-2.04,-4.46,19.7,-2.18,0.7,7.289,7289.0,7290.26,11.626000000000003,5.426000000000001,44.0,1341.4364172502762,1.2065205884662646
Sand 1,-2.04,-4.46,19.7,-2.2,0.72,7.791,7791.0,7792.26,12.020000000000003,5.620000000000001,45.0,1384.3843416370105,1.226139535201025
Sand 1,-2.04,-4.46,19.7,-2.22,0.74,8.46,8460.0,8461.26,12.414000000000003,5.814000000000001,46.0,1453.189886480908,1.252577097957172
Sand 1,-2.04,-4.46,19.7,-2.24,0.76,9.358,9358.0,9359.26,12.808000000000003,6.008000000000001,47.0,1555.6677762982686,1.2869462710057447
Sand 1,-2.04,-4.46,19.7,-2.26,0.78,10.893,10893.0,10894.259999999998,13.201999999999995,6.201999999999996,50.0,1754.4434053531127,1.3427179889465128
Sand 1,-2.04,-4.46,19.7,-2.28,0.8,12.109,12109.0,12110.26,13.595999999999997,6.395999999999997,56.0,1891.285803627268,1.3796010017309621
Sand 1,-2.04,-4.46,19.7,-2.3,0.82,13.083,13083.0,13084.26,13.989999999999995,6.589999999999997,61.0,1983.349013657057,1.404883323435535
Sand 1,-2.04,-4.46,19.7,-2.32,0.84,13.956,13956.0,13957.26,14.383999999999997,6.783999999999997,67.0,2055.2588443396235,1.4250652293730603
Sand 1,-2.04,-4.46,19.7,-2.34,0.86,14.653,14653.0,14654.26,14.777999999999997,6.977999999999998,71.0,2097.9481226712533,1.4388528123523636
Sand 1,-2.04,-4.46,19.7,-2.36,0.88,15.189,15189.0,15190.26,15.171999999999997,7.171999999999998,75.0,2115.879531511434,1.447501846319968
Sand 1,-2.04,-4.46,19.7,-2.38,0.9,15.696,15696.0,15697.26,15.565999999999997,7.365999999999998,78.0,2128.9294053760527,1.45503494877355
Sand 1,-2.04,-4.46,19.7,-2.4,0.92,16.223,16222.999999999998,16224.259999999997,15.959999999999997,7.559999999999999,81.0,2143.9550264550267,1.4628051068285468
Sand 1,-2.04,-4.46,19.7,-2.42,0.94,16.606,16606.0,16607.26,16.354,7.753999999999998,81.0,2139.6577250451387,1.466704849745586
Sand 1,-2.04,-4.46,19.7,-2.44,0.96,17.144,17144.0,17144.84,16.747999999999998,7.947999999999999,80.0,2155.0191243080026,1.4742952503011788
Sand 1,-2.04,-4.46,19.7,-2.46,0.98,17.395,17395.0,17395.42,17.142,8.142,79.0,2134.3991648243673,1.4748226409515772
Sand 1,-2.04,-4.46,19.7,-2.48,1.0,17.504,17504.0,17504.84,17.536,8.335999999999999,78.0,2097.805182341651,1.4720406568951632
Sand 1,-2.04,-4.46,19.7,-2.5,1.02,17.285,17285.0,17285.84,17.93,8.53,83.0,2024.3739742086755,1.4615661403238354
Sand 1,-2.04,-4.46,19.7,-2.52,1.04,17.032,17032.0,17032.84,18.323999999999998,8.724,84.0,1950.3113250802382,1.450315595285621
Sand 1,-2.04,-4.46,19.7,-2.54,1.06,16.778,16778.0,16779.26,18.718,8.918,84.0,1879.405920610002,1.4390616347074792
Sand 1,-2.04,-4.46,19.7,-2.56,1.08,16.525,16525.0,16526.26,19.112000000000002,9.111999999999998,84.0,1811.5834064969272,1.427845699166761
Sand 1,-2.04,-4.46,19.7,-2.58,1.1,16.297,16297.0,16298.259999999998,19.506,9.306,87.0,1749.2750913389211,1.4172729755374809
Sand 1,-2.04,-4.46,19.7,-2.6,1.12,16.077,16077.000000000002,16077.840000000002,19.9,9.5,89.0,1690.3094736842108,1.4069247566726468
Sand 1,-2.04,-4.46,19.7,-2.62,1.14,15.797,15797.0,15797.84,20.294,9.693999999999999,91.0,1627.5578708479475,1.3950209944556171
Sand 1,-2.04,-4.46,19.7,-2.64,1.16,15.547,15547.0,15547.84,20.688000000000002,9.888,91.0,1570.3025889967637,1.3838797187585055
Sand 1,-2.04,-4.46,19.7,-2.66,1.18,15.3,15300.0,15300.84,21.082,10.082,90.0,1515.5483039079547,1.3728003698833928
Sand 1,-2.04,-4.46,19.7,-2.68,1.2,15.057,15057.0,15057.84,21.476000000000003,10.276,90.0,1463.2506811989101,1.3618076263022965
Sand 1,-2.04,-4.46,19.7,-2.7,1.22,14.803,14803.0,14803.839999999998,21.870000000000005,10.47,90.0,1411.8404966571152,1.3504799265061571
Sand 1,-2.04,-4.46,19.7,-2.72,1.24,14.553,14553.0,14553.839999999998,22.264000000000003,10.664000000000001,90.0,1362.6759189797447,1.3392224734369267
Sand 1,-2.04,-4.46,19.7,-2.74,1.26,14.356,14356.0,14356.84,22.658,10.858,90.0,1320.1493829434519,1.3294528101258907
Sand 1,-2.04,-4.46,19.7,-2.76,1.28,14.182,14182.0,14182.84,23.051999999999992,11.051999999999996,89.0,1281.1968874411875,1.3203513504697055
Sand 1,-2.04,-4.46,19.7,-2.78,1.3,13.977,13977.0,13977.84,23.445999999999994,11.245999999999997,87.0,1240.8317624044107,1.3103384708332333
Sand 1,-2.04,-4.46,19.7,-2.8,1.32,13.742,13742.0,13742.84,23.839999999999996,11.439999999999998,87.0,1199.213286713287,1.299399385049504
Sand 1,-2.04,-4.46,19.7,-2.8200000000000003,1.34,13.428,13428.0,13428.839999999998,24.234000000000005,11.634,87.0,1152.1923671995871,1.2859705550758935
Sand 1,-2.04,-4.46,19.7,-2.84,1.36,13.119,13119.0,13119.84,24.627999999999997,11.827999999999998,87.0,1107.1366249577277,1.2725364122979648
Sand 1,-2.04,-4.46,19.7,-2.86,1.38,12.79,12790.0,12790.84,25.022,12.021999999999998,86.0,1061.8714024288804,1.2582850712386915
Sand 1,-2.04,-4.46,19.7,-2.88,1.4,12.451,12451.0,12451.84,25.415999999999997,12.215999999999998,86.0,1017.2252783235105,1.2434853951245322
Sand 1,-2.04,-4.46,19.7,-2.9,1.42,12.115,12115.0,12115.84,25.809999999999995,12.409999999999998,85.0,974.2167606768737,1.2285383395573586
Sand 1,-2.04,-4.46,19.7,-2.92,1.44,11.745,11745.0,11745.84,26.204,12.603999999999997,83.0,929.8346556648685,1.2121283272209293
Sand 1,-2.04,-4.46,19.7,-2.94,1.46,11.396,11396.0,11396.839999999998,26.598,12.797999999999998,82.0,888.4389748398187,1.1961257221887938
Sand 1,-2.04,-4.46,19.7,-2.96,1.48,11.097,11097.0,11097.84,26.991999999999997,12.991999999999999,80.0,852.128078817734,1.1816600391168581
Sand 1,-2.04,-4.46,19.7,-2.98,1.5,10.832,10832.0,10832.839999999998,27.385999999999996,13.185999999999998,79.0,819.4641286212649,1.168248371960016
Sand 1,-2.04,-4.46,19.7,-3.0,1.52,10.603,10603.0,10603.84,27.78,13.379999999999999,76.0,790.4379671150972,1.15604891016284
Sand 1,-2.04,-4.46,19.7,-3.02,1.54,10.459,10459.0,10459.84,28.174,13.573999999999998,72.0,768.5034625018418,1.1470897993158082
Sand 1,-2.04,-4.46,19.7,-3.04,1.56,10.338,10338.0,10338.84,28.567999999999998,13.767999999999999,68.0,748.8576409064499,1.1390228290487947
Sand 1,-2.04,-4.46,19.7,-3.06,1.58,10.009,10009.0,10009.84,28.962000000000003,13.962,64.0,714.8601919495775,1.1224097582652262
Sand 1,-2.04,-4.46,19.7,-3.08,1.6,9.809,9809.0,9809.84,29.356,14.155999999999999,61.0,690.90731845154,1.1108853094814266
Sand 1,-2.04,-4.46,19.7,-3.1,1.62,9.541,9541.0,9541.84,29.75,14.35,58.0,662.8634146341464,1.0962843598300585
Sand 1,-2.04,-4.46,19.7,-3.12,1.64,9.348,9348.0,9348.839999999998,30.144,14.543999999999999,57.0,640.7244224422442,1.0847401222909223
Sand 1,-2.04,-4.46,19.7,-3.14,1.66,9.179,9179.0,9179.84,30.538000000000004,14.738,56.0,620.7967159723164,1.0741459270046219
Sand 1,-2.04,-4.46,19.7,-3.16,1.68,9.056,9056.0,9057.26,30.932000000000002,14.932,54.0,604.4955799624965,1.0655636458572078
Sand 1,-2.04,-4.46,19.7,-3.18,1.7,9.543,9543.0,9544.26,31.326,15.126,54.0,628.9127330424436,1.0843523072532508
Sand 1,-2.04,-4.46,19.7,-3.2,1.72,10.303,10303.0,10304.259999999998,31.72,15.32,55.0,670.5313315926892,1.113239439097475
Sand 1,-2.04,-4.46,19.7,-3.22,1.74,10.96,10960.0,10960.84,32.114000000000004,15.514000000000001,54.0,704.4428258347299,1.1360179219983089
Sand 1,-2.04,-4.46,19.7,-3.24,1.76,11.745,11745.0,11745.84,32.508,15.708,58.0,745.6921313980138,1.161885276577193
Sand 1,-2.04,-4.46,19.7,-3.26,1.78,12.603,12603.0,12603.84,32.901999999999994,15.901999999999996,64.0,790.5255942648726,1.1883401105292835
Sand 1,-2.04,-4.46,19.7,-3.28,1.8,13.485,13485.0,13485.42,33.29599999999999,16.095999999999997,65.0,835.7432902584495,1.2136404537638967
Sand 1,-2.04,-4.46,19.7,-3.3,1.82,14.227,14227.0,14226.58,33.69,16.29,73.0,871.2639656230816,1.2331318501515287
Sand 1,-2.04,-4.46,19.7,-3.3200000000000003,1.84,14.89,14890.0,14888.74,34.084,16.484,79.0,901.1560300897838,1.2493297522479803
Sand 1,-2.04,-4.46,19.7,-3.34,1.86,15.536,15536.0,15534.32,34.477999999999994,16.677999999999997,81.0,929.3585561817965,1.2642819991979921
Sand 1,-2.04,-4.46,19.7,-3.36,1.88,15.996,15996.0,15994.32,34.87199999999999,16.871999999999996,84.0,945.9132290184924,1.273750070900971
Sand 1,-2.04,-4.46,19.7,-3.38,1.9,16.416,16416.0,16414.32,35.266,17.065999999999995,88.0,959.7476854564634,1.2818952047963783
Sand 1,-2.04,-4.46,19.7,-3.4,1.92,16.841,16841.0,16838.9,35.66,17.259999999999998,90.0,973.5365005793744,1.2899213427374858
Sand 1,-2.04,-4.46,19.7,-3.42,1.94,17.5,17500.0,17497.48,36.053999999999995,17.453999999999997,90.0,1000.4254612123297,1.3032977127616934
Sand 1,-2.04,-4.46,19.7,-3.44,1.96,18.367,18367.0,18364.48,36.448,17.647999999999996,90.0,1038.53309156845,1.3208392926967203
Sand 1,-2.04,-4.46,19.7,-3.46,1.98,19.114,19114.0,19111.48,36.842,17.842,89.0,1069.0863131935882,1.3348859538620088
Sand 1,-2.04,-4.46,19.7,-3.48,2.0,19.434,19434.0,19431.48,37.236,18.035999999999998,89.0,1075.307385229541,1.3393071430471848
Sand 1,-2.04,-4.46,19.7,-3.5,2.02,19.445,19445.0,19443.32,37.629999999999995,18.229999999999997,91.0,1064.4920460778937,1.3371002977019606
Sand 1,-2.04,-4.46,19.7,-3.52,2.04,19.456,19456.0,19454.74,38.024,18.424,94.0,1053.8816760746852,1.3349191659885784
Sand 1,-2.04,-4.46,19.7,-3.54,2.06,19.466,19466.0,19465.16,38.418,18.618,98.0,1043.4387152218283,1.3327418911021853
Sand 1,-2.04,-4.46,19.7,-3.56,2.08,19.477,19477.0,19477.0,38.812,18.811999999999998,100.0,1033.2866255581544,1.3306105915502284
Sand 1,-2.04,-4.46,19.7,-3.58,2.1,19.566,19566.0,19566.0,39.206,19.006,103.0,1027.4015574029254,1.33016088976558
Sand 1,-2.04,-4.46,19.7,-3.6,2.12,19.687,19687.0,19687.0,39.6,19.2,105.0,1023.3020833333335,1.3304013857274788
Sand 1,-2.04,-4.46,19.7,-3.62,2.14,19.605,19605.0,19604.579999999998,39.994,19.394,110.0,1008.795813138084,1.3263751254949496
Sand 1,-2.04,-4.46,19.7,-3.64,2.16,19.501,19501.0,19500.16,40.388,19.588,114.0,993.4537471921584,1.3218965959866777
Sand 1,-2.04,-4.46,19.7,-3.66,2.18,19.465,19465.0,19464.16,40.782000000000004,19.782,117.0,981.8712971388131,1.318880753681137
Sand 1,-2.04,-4.46,19.7,-3.68,2.2,19.541,19541.0,19540.16,41.176,19.976,116.0,976.1205446535844,1.3182705153004255
Sand 1,-2.04,-4.46,19.7,-3.7,2.22,19.351,19351.0,19350.16,41.57,20.17,117.0,957.29251363411,1.3120106131865032
Sand 1,-2.04,-4.46,19.7,-3.72,2.24,19.094,19094.0,19093.16,41.964000000000006,20.363999999999997,118.0,935.5330976232568,1.3042783707002576
Sand 1,-2.04,-4.46,19.7,-3.74,2.26,18.992,18992.0,18991.16,42.358000000000004,20.558,120.0,921.7240003891429,1.2998920015461572
Sand 1,-2.04,-4.46,19.7,-3.76,2.28,18.971,18971.0,18970.16,42.751999999999995,20.751999999999995,119.0,912.0763299922901,1.2972894298085016
Sand 1,-2.04,-4.46,19.7,-3.78,2.3,18.849,18849.0,18848.16,43.145999999999994,20.945999999999998,119.0,897.7854482956174,1.2924888390787235
Sand 1,-2.04,-4.46,19.7,-3.8,2.32,18.617,18617.0,18616.16,43.54,21.139999999999993,118.0,878.5534531693474,1.285245965220099
Sand 1,-2.04,-4.46,19.7,-3.82,2.34,18.27,18270.0,18269.16,43.934,21.333999999999996,115.0,854.2807724758602,1.275354240544371
Sand 1,-2.04,-4.46,19.7,-3.84,2.36,17.768,17768.0,17767.58,44.327999999999996,21.528,114.0,823.2651430694909,1.261727648482333
Sand 1,-2.04,-4.46,19.7,-3.86,2.38,17.282,17282.0,17281.58,44.721999999999994,21.721999999999994,114.0,793.5207623607405,1.2481725753241584
Sand 1,-2.04,-4.46,19.7,-3.88,2.4,16.692,16692.0,16691.58,45.116,21.915999999999997,115.0,759.5575835006389,1.2317301686063244
Sand 1,-2.04,-4.46,19.7,-3.9,2.42,15.817,15817.0,15816.58,45.51,22.11,116.0,713.3003165988241,1.2073768827539564
Sand 1,-2.04,-4.46,19.7,-3.92,2.44,15.031,15031.0,15030.16,45.903999999999996,22.303999999999995,115.0,671.8192252510762,1.184233564218654
Sand 1,-2.04,-4.46,19.7,-3.94,2.46,13.883,13883.0,13882.16,46.298,22.497999999999998,116.0,614.9818650546715,1.149290462523919
Sand 1,-2.04,-4.46,19.7,-3.96,2.48,12.626,12626.0,12625.16,46.692,22.692,112.0,554.3128855984488,1.107950544346011
Sand 1,-2.04,-4.46,19.7,-3.98,2.5,11.067,11067.0,11066.58,47.086,22.885999999999996,108.0,481.494975093944,1.05132291596429
Sand 1,-2.04,-4.46,19.7,-4.0,2.52,9.535,9535.0,9534.16,47.48,23.08,103.0,411.0346620450607,0.987571439744509
Sand 1,-2.04,-4.46,19.7,-4.02,2.54,8.08,8080.0,8079.16,47.87399999999999,23.273999999999994,96.0,345.07544899888296,0.9169568773608282
Sand 1,-2.04,-4.46,19.7,-4.04,2.56,6.572,6572.0,6571.16,48.268,23.467999999999996,95.0,277.9483552070905,0.8293472567318935
Sand 1,-2.04,-4.46,19.7,-4.0600000000000005,2.58,5.212,5212.0,5211.16,48.66200000000001,23.662000000000006,94.0,218.17673907531056,0.7312632450992191
Sand 1,-2.04,-4.46,19.7,-4.08,2.6,4.125,4125.0,4124.58,49.056000000000004,23.856,98.0,170.83853118712273,0.6323468159784907
Sand 1,-2.04,-4.46,19.7,-4.1,2.62,3.251,3251.0,3251.0,49.449999999999996,24.049999999999997,95.0,133.12058212058216,0.5317003596896778
Sand 1,-2.04,-4.46,19.7,-4.12,2.64,2.717,2717.0,2717.84,49.844,24.244,94.0,110.04768190067647,0.4554127650743022
Sand 1,-2.04,-4.46,19.7,-4.140000000000001,2.66,2.467,2467.0,2469.1,50.238000000000014,24.438000000000002,107.0,98.97954006056142,0.4135417831282849
Sand 1,-2.04,-4.46,19.7,-4.16,2.68,2.854,2854.0,2856.1,50.632000000000005,24.631999999999998,105.0,113.89525820071452,0.47220143852542074
Sand 1,-2.04,-4.46,19.7,-4.18,2.7,2.765,2765.0,2767.1,51.025999999999996,24.825999999999993,92.0,109.40441472649644,0.45726547240936144
Sand 1,-2.04,-4.46,19.7,-4.2,2.72,2.544,2544.0,2546.1,51.42,25.019999999999996,82.0,99.7074340527578,0.4209234818839767
Sand 1,-2.04,-4.46,19.7,-4.220000000000001,2.74,1.973,1973.0,1978.04,51.814000000000014,25.214000000000006,73.0,76.39509796144996,0.3136908850536573
Sand 1,-2.04,-4.46,19.7,-4.24,2.76,1.336,1336.0,1341.46,52.208000000000006,25.408,63.0,50.74197103274559,0.15016776015049121
Sand 1,-2.04,-4.46,19.7,-4.26,2.78,1.294,1294.0,1300.3,52.602,25.601999999999997,54.0,48.734395750332006,0.13517797067381032
Sand 1,-2.04,-4.46,19.7,-4.279999999999999,2.8,1.233,1233.0,1240.5600000000002,52.99599999999999,25.795999999999992,46.0,46.03674988370292,0.11341867435044158
Sand 1,-2.04,-4.46,19.7,-4.3,2.82,1.18,1180.0,1187.98,53.38999999999999,25.989999999999995,35.0,43.654867256637175,0.09347817234524185
Sand 1,-2.04,-4.46,19.7,-4.32,2.84,1.156,1156.0,1164.4,53.784000000000006,26.183999999999997,36.0,42.4158264589062,0.08325458440856053
Sand 1,-2.04,-4.46,19.7,-4.34,2.86,1.161,1161.0,1169.4,54.178,26.377999999999993,38.0,42.27848965046632,0.08336078638072707
Sand 1,-2.04,-4.46,19.7,-4.359999999999999,2.88,1.171,1171.0,1179.4,54.57199999999999,26.571999999999996,42.0,42.331326208038554,0.08524715429782656
Sand 1,-2.04,-4.46,19.7,-4.38,2.9,1.167,1167.0,1175.4,54.966,26.766,45.0,41.86034521407757,0.08216721700516484
Sand 1,-2.04,-4.46,19.7,-4.4,2.92,1.166,1166.0,1174.4,55.36000000000001,26.96,50.0,41.50741839762612,0.08016336275430332
Sand 1,-2.04,-4.46,19.7,-4.42,2.94,1.169,1169.0,1177.4,55.754,27.153999999999996,55.0,41.30684245415041,0.07959325945054402
Sand 1,-2.04,-4.46,19.7,-4.44,2.96,1.17,1170.0,1178.3999999999999,56.14800000000001,27.348,60.0,41.03598069328653,0.07832338274487241
Sand 1,-2.04,-4.46,19.7,-4.46,2.98,1.18,1180.0,1188.3999999999999,56.542,27.541999999999994,62.0,41.095708372667204,0.08024159765298272
